Proyecto,Tipo Especificación,Título API,Versión,Path,Método,Parámetros
"COITDEVSOCOEAPPSIA/crewai-nativeai","swagger","GitLab API","v4","/api/v4/groups/{id}/access_requests","GET",3
"COITDEVSOCOEAPPSIA/crewai-nativeai","swagger","GitLab API","v4","/api/v4/groups/{id}/access_requests","POST",1
"COITDEVSOCOEAPPSIA/crewai-nativeai","swagger","GitLab API","v4","/api/v4/groups/{id}/access_requests/{user_id}/approve","PUT",3
"COITDEVSOCOEAPPSIA/crewai-nativeai","swagger","GitLab API","v4","/api/v4/groups/{id}/access_requests/{user_id}","DELETE",2
"COITDEVSOCOEAPPSIA/crewai-nativeai","swagger","GitLab API","v4","/api/v4/groups/{id}/epics/{epic_iid}/award_emoji","GET",4
"COITDEVSOCOEAPPSIA/crewai-nativeai","swagger","GitLab API","v4","/api/v4/groups/{id}/epics/{epic_iid}/award_emoji","POST",3
"COITDEVSOCOEAPPSIA/crewai-nativeai","swagger","GitLab API","v4","/api/v4/groups/{id}/epics/{epic_iid}/award_emoji/{award_id}","GET",3
"COITDEVSOCOEAPPSIA/crewai-nativeai","swagger","GitLab API","v4","/api/v4/groups/{id}/epics/{epic_iid}/award_emoji/{award_id}","DELETE",3
"COITDEVSOCOEAPPSIA/crewai-nativeai","swagger","GitLab API","v4","/api/v4/groups/{id}/epics/{epic_iid}/notes/{note_id}/award_emoji","GET",5
"COITDEVSOCOEAPPSIA/crewai-nativeai","swagger","GitLab API","v4","/api/v4/groups/{id}/epics/{epic_iid}/notes/{note_id}/award_emoji","POST",4
"COITDEVSOCOEAPPSIA/crewai-nativeai","swagger","GitLab API","v4","/api/v4/groups/{id}/epics/{epic_iid}/notes/{note_id}/award_emoji/{award_id}","GET",4
"COITDEVSOCOEAPPSIA/crewai-nativeai","swagger","GitLab API","v4","/api/v4/groups/{id}/epics/{epic_iid}/notes/{note_id}/award_emoji/{award_id}","DELETE",4
"COITDEVSOCOEAPPSIA/crewai-nativeai","swagger","GitLab API","v4","/api/v4/groups/{id}/badges","GET",4
"COITDEVSOCOEAPPSIA/crewai-nativeai","swagger","GitLab API","v4","/api/v4/groups/{id}/badges","POST",2
"COITDEVSOCOEAPPSIA/crewai-nativeai","swagger","GitLab API","v4","/api/v4/groups/{id}/badges/render","GET",3
"COITDEVSOCOEAPPSIA/crewai-nativeai","swagger","GitLab API","v4","/api/v4/groups/{id}/badges/{badge_id}","GET",2
"COITDEVSOCOEAPPSIA/crewai-nativeai","swagger","GitLab API","v4","/api/v4/groups/{id}/badges/{badge_id}","PUT",3
"COITDEVSOCOEAPPSIA/crewai-nativeai","swagger","GitLab API","v4","/api/v4/groups/{id}/badges/{badge_id}","DELETE",2
"COITDEVSOCOEAPPSIA/crewai-nativeai","swagger","GitLab API","v4","/api/v4/groups/{id}/custom_attributes","GET",1
"COITDEVSOCOEAPPSIA/crewai-nativeai","swagger","GitLab API","v4","/api/v4/groups/{id}/custom_attributes/{key}","GET",2
"COITDEVSOCOEAPPSIA/crewai-nativeai","swagger","GitLab API","v4","/api/v4/groups/{id}/custom_attributes/{key}","PUT",3
"COITDEVSOCOEAPPSIA/crewai-nativeai","swagger","GitLab API","v4","/api/v4/groups/{id}/custom_attributes/{key}","DELETE",2
"COITDEVSOCOEAPPSIA/crewai-nativeai","swagger","GitLab API","v4","/api/v4/groups","GET",17
"COITDEVSOCOEAPPSIA/crewai-nativeai","swagger","GitLab API","v4","/api/v4/groups","POST",1
"COITDEVSOCOEAPPSIA/crewai-nativeai","swagger","GitLab API","v4","/api/v4/groups/{id}","PUT",2
"COITDEVSOCOEAPPSIA/crewai-nativeai","swagger","GitLab API","v4","/api/v4/groups/{id}","GET",3
"COITDEVSOCOEAPPSIA/crewai-nativeai","swagger","GitLab API","v4","/api/v4/groups/{id}","DELETE",1
"COITDEVSOCOEAPPSIA/crewai-nativeai","swagger","GitLab API","v4","/api/v4/groups/{id}/archive","POST",1
"COITDEVSOCOEAPPSIA/crewai-nativeai","swagger","GitLab API","v4","/api/v4/groups/{id}/unarchive","POST",1
"COITDEVSOCOEAPPSIA/crewai-nativeai","swagger","GitLab API","v4","/api/v4/groups/{id}/restore","POST",1
"COITDEVSOCOEAPPSIA/crewai-nativeai","swagger","GitLab API","v4","/api/v4/groups/{id}/groups/shared","GET",10
"COITDEVSOCOEAPPSIA/crewai-nativeai","swagger","GitLab API","v4","/api/v4/groups/{id}/invited_groups","GET",7
"COITDEVSOCOEAPPSIA/crewai-nativeai","swagger","GitLab API","v4","/api/v4/groups/{id}/projects","GET",19
"COITDEVSOCOEAPPSIA/crewai-nativeai","swagger","GitLab API","v4","/api/v4/groups/{id}/projects/shared","GET",14
"COITDEVSOCOEAPPSIA/crewai-nativeai","swagger","GitLab API","v4","/api/v4/groups/{id}/subgroups","GET",18
"COITDEVSOCOEAPPSIA/crewai-nativeai","swagger","GitLab API","v4","/api/v4/groups/{id}/descendant_groups","GET",18
"COITDEVSOCOEAPPSIA/crewai-nativeai","swagger","GitLab API","v4","/api/v4/groups/{id}/projects/{project_id}","POST",2
"COITDEVSOCOEAPPSIA/crewai-nativeai","swagger","GitLab API","v4","/api/v4/groups/{id}/transfer_locations","GET",4
"COITDEVSOCOEAPPSIA/crewai-nativeai","swagger","GitLab API","v4","/api/v4/groups/{id}/transfer","POST",2
"COITDEVSOCOEAPPSIA/crewai-nativeai","swagger","GitLab API","v4","/api/v4/groups/{id}/share","POST",2
"COITDEVSOCOEAPPSIA/crewai-nativeai","swagger","GitLab API","v4","/api/v4/groups/{id}/share/{group_id}","DELETE",2
"COITDEVSOCOEAPPSIA/crewai-nativeai","swagger","GitLab API","v4","/api/v4/groups/{id}/tokens/revoke","POST",2
"COITDEVSOCOEAPPSIA/crewai-nativeai","swagger","GitLab API","v4","/api/v4/groups/{id}/ldap_sync","POST",1
"COITDEVSOCOEAPPSIA/crewai-nativeai","swagger","GitLab API","v4","/api/v4/groups/{id}/audit_events","GET",5
"COITDEVSOCOEAPPSIA/crewai-nativeai","swagger","GitLab API","v4","/api/v4/groups/{id}/audit_events/{audit_event_id}","GET",2
"COITDEVSOCOEAPPSIA/crewai-nativeai","swagger","GitLab API","v4","/api/v4/groups/{id}/saml_users","GET",9
"COITDEVSOCOEAPPSIA/crewai-nativeai","swagger","GitLab API","v4","/api/v4/groups/{id}/provisioned_users","GET",9
"COITDEVSOCOEAPPSIA/crewai-nativeai","swagger","GitLab API","v4","/api/v4/groups/{id}/users","GET",7
"COITDEVSOCOEAPPSIA/crewai-nativeai","swagger","GitLab API","v4","/api/v4/groups/{id}/ssh_certificates","GET",3
"COITDEVSOCOEAPPSIA/crewai-nativeai","swagger","GitLab API","v4","/api/v4/groups/{id}/ssh_certificates","POST",2
"COITDEVSOCOEAPPSIA/crewai-nativeai","swagger","GitLab API","v4","/api/v4/groups/{id}/ssh_certificates/{ssh_certificates_id}","DELETE",2
"COITDEVSOCOEAPPSIA/crewai-nativeai","swagger","GitLab API","v4","/api/v4/groups/{id}/runners","GET",8
"COITDEVSOCOEAPPSIA/crewai-nativeai","swagger","GitLab API","v4","/api/v4/groups/{id}/runners/reset_registration_token","POST",1
"COITDEVSOCOEAPPSIA/crewai-nativeai","swagger","GitLab API","v4","/api/v4/groups/{id}/-/packages/debian/dists/*distribution/Release.gpg","GET",2
"COITDEVSOCOEAPPSIA/crewai-nativeai","swagger","GitLab API","v4","/api/v4/groups/{id}/-/packages/debian/dists/*distribution/Release","GET",2
"COITDEVSOCOEAPPSIA/crewai-nativeai","swagger","GitLab API","v4","/api/v4/groups/{id}/-/packages/debian/dists/*distribution/InRelease","GET",2
"COITDEVSOCOEAPPSIA/crewai-nativeai","swagger","GitLab API","v4","/api/v4/groups/{id}/-/packages/debian/dists/*distribution/{component}/debian-installer/binary-{architecture}/Packages","GET",4
"COITDEVSOCOEAPPSIA/crewai-nativeai","swagger","GitLab API","v4","/api/v4/groups/{id}/-/packages/debian/dists/*distribution/{component}/debian-installer/binary-{architecture}/by-hash/SHA256/{file_sha256}","GET",5
"COITDEVSOCOEAPPSIA/crewai-nativeai","swagger","GitLab API","v4","/api/v4/groups/{id}/-/packages/debian/dists/*distribution/{component}/source/Sources","GET",3
"COITDEVSOCOEAPPSIA/crewai-nativeai","swagger","GitLab API","v4","/api/v4/groups/{id}/-/packages/debian/dists/*distribution/{component}/source/by-hash/SHA256/{file_sha256}","GET",4
"COITDEVSOCOEAPPSIA/crewai-nativeai","swagger","GitLab API","v4","/api/v4/groups/{id}/-/packages/debian/dists/*distribution/{component}/binary-{architecture}/Packages","GET",4
"COITDEVSOCOEAPPSIA/crewai-nativeai","swagger","GitLab API","v4","/api/v4/groups/{id}/-/packages/debian/dists/*distribution/{component}/binary-{architecture}/by-hash/SHA256/{file_sha256}","GET",5
"COITDEVSOCOEAPPSIA/crewai-nativeai","swagger","GitLab API","v4","/api/v4/groups/{id}/-/packages/debian/pool/{distribution}/{project_id}/{letter}/{package_name}/{package_version}/{file_name}","GET",7
"COITDEVSOCOEAPPSIA/crewai-nativeai","swagger","GitLab API","v4","/api/v4/groups/{id}/dependency_proxy/cache","DELETE",1
"COITDEVSOCOEAPPSIA/crewai-nativeai","swagger","GitLab API","v4","/api/v4/groups/{id}/deploy_tokens","GET",4
"COITDEVSOCOEAPPSIA/crewai-nativeai","swagger","GitLab API","v4","/api/v4/groups/{id}/deploy_tokens","POST",2
"COITDEVSOCOEAPPSIA/crewai-nativeai","swagger","GitLab API","v4","/api/v4/groups/{id}/deploy_tokens/{token_id}","GET",2
"COITDEVSOCOEAPPSIA/crewai-nativeai","swagger","GitLab API","v4","/api/v4/groups/{id}/deploy_tokens/{token_id}","DELETE",2
"COITDEVSOCOEAPPSIA/crewai-nativeai","swagger","GitLab API","v4","/api/v4/groups/{id}/avatar","GET",1
"COITDEVSOCOEAPPSIA/crewai-nativeai","swagger","GitLab API","v4","/api/v4/groups/{id}/clusters","GET",3
"COITDEVSOCOEAPPSIA/crewai-nativeai","swagger","GitLab API","v4","/api/v4/groups/{id}/clusters/{cluster_id}","GET",2
"COITDEVSOCOEAPPSIA/crewai-nativeai","swagger","GitLab API","v4","/api/v4/groups/{id}/clusters/{cluster_id}","PUT",3
"COITDEVSOCOEAPPSIA/crewai-nativeai","swagger","GitLab API","v4","/api/v4/groups/{id}/clusters/{cluster_id}","DELETE",2
"COITDEVSOCOEAPPSIA/crewai-nativeai","swagger","GitLab API","v4","/api/v4/groups/{id}/clusters/user","POST",2
"COITDEVSOCOEAPPSIA/crewai-nativeai","swagger","GitLab API","v4","/api/v4/groups/{id}/registry/repositories","GET",3
"COITDEVSOCOEAPPSIA/crewai-nativeai","swagger","GitLab API","v4","/api/v4/groups/{id}/-/debian_distributions","POST",2
"COITDEVSOCOEAPPSIA/crewai-nativeai","swagger","GitLab API","v4","/api/v4/groups/{id}/-/debian_distributions","GET",12
"COITDEVSOCOEAPPSIA/crewai-nativeai","swagger","GitLab API","v4","/api/v4/groups/{id}/-/debian_distributions/{codename}","GET",2
"COITDEVSOCOEAPPSIA/crewai-nativeai","swagger","GitLab API","v4","/api/v4/groups/{id}/-/debian_distributions/{codename}","PUT",3
"COITDEVSOCOEAPPSIA/crewai-nativeai","swagger","GitLab API","v4","/api/v4/groups/{id}/-/debian_distributions/{codename}","DELETE",10
"COITDEVSOCOEAPPSIA/crewai-nativeai","swagger","GitLab API","v4","/api/v4/groups/{id}/-/debian_distributions/{codename}/key.asc","GET",2
"COITDEVSOCOEAPPSIA/crewai-nativeai","swagger","GitLab API","v4","/api/v4/groups/{id}/export/download","GET",1
"COITDEVSOCOEAPPSIA/crewai-nativeai","swagger","GitLab API","v4","/api/v4/groups/{id}/export","POST",1
"COITDEVSOCOEAPPSIA/crewai-nativeai","swagger","GitLab API","v4","/api/v4/groups/{id}/export_relations","POST",2
"COITDEVSOCOEAPPSIA/crewai-nativeai","swagger","GitLab API","v4","/api/v4/groups/{id}/export_relations/download","GET",4
"COITDEVSOCOEAPPSIA/crewai-nativeai","swagger","GitLab API","v4","/api/v4/groups/{id}/export_relations/status","GET",2
"COITDEVSOCOEAPPSIA/crewai-nativeai","swagger","GitLab API","v4","/api/v4/groups/import/authorize","POST",0
"COITDEVSOCOEAPPSIA/crewai-nativeai","swagger","GitLab API","v4","/api/v4/groups/import","POST",5
"COITDEVSOCOEAPPSIA/crewai-nativeai","swagger","GitLab API","v4","/api/v4/groups/{id}/packages","GET",11
"COITDEVSOCOEAPPSIA/crewai-nativeai","swagger","GitLab API","v4","/api/v4/groups/{id}/placeholder_reassignments","GET",1
"COITDEVSOCOEAPPSIA/crewai-nativeai","swagger","GitLab API","v4","/api/v4/groups/{id}/placeholder_reassignments","POST",2
"COITDEVSOCOEAPPSIA/crewai-nativeai","swagger","GitLab API","v4","/api/v4/groups/{id}/placeholder_reassignments/authorize","POST",1
"COITDEVSOCOEAPPSIA/crewai-nativeai","swagger","GitLab API","v4","/api/v4/groups/{id}/variables","GET",3
"COITDEVSOCOEAPPSIA/crewai-nativeai","swagger","GitLab API","v4","/api/v4/groups/{id}/variables","POST",2
"COITDEVSOCOEAPPSIA/crewai-nativeai","swagger","GitLab API","v4","/api/v4/groups/{id}/variables/{key}","GET",2
"COITDEVSOCOEAPPSIA/crewai-nativeai","swagger","GitLab API","v4","/api/v4/groups/{id}/variables/{key}","PUT",3
"COITDEVSOCOEAPPSIA/crewai-nativeai","swagger","GitLab API","v4","/api/v4/groups/{id}/variables/{key}","DELETE",2
"COITDEVSOCOEAPPSIA/crewai-nativeai","swagger","GitLab API","v4","/api/v4/groups/{id}/integrations","GET",1
"COITDEVSOCOEAPPSIA/crewai-nativeai","swagger","GitLab API","v4","/api/v4/groups/{id}/integrations/apple-app-store","PUT",2
"COITDEVSOCOEAPPSIA/crewai-nativeai","swagger","GitLab API","v4","/api/v4/groups/{id}/integrations/asana","PUT",2
"COITDEVSOCOEAPPSIA/crewai-nativeai","swagger","GitLab API","v4","/api/v4/groups/{id}/integrations/assembla","PUT",2
"COITDEVSOCOEAPPSIA/crewai-nativeai","swagger","GitLab API","v4","/api/v4/groups/{id}/integrations/bamboo","PUT",2
"COITDEVSOCOEAPPSIA/crewai-nativeai","swagger","GitLab API","v4","/api/v4/groups/{id}/integrations/bugzilla","PUT",2
"COITDEVSOCOEAPPSIA/crewai-nativeai","swagger","GitLab API","v4","/api/v4/groups/{id}/integrations/buildkite","PUT",2
"COITDEVSOCOEAPPSIA/crewai-nativeai","swagger","GitLab API","v4","/api/v4/groups/{id}/integrations/campfire","PUT",2
"COITDEVSOCOEAPPSIA/crewai-nativeai","swagger","GitLab API","v4","/api/v4/groups/{id}/integrations/confluence","PUT",2
"COITDEVSOCOEAPPSIA/crewai-nativeai","swagger","GitLab API","v4","/api/v4/groups/{id}/integrations/custom-issue-tracker","PUT",2
"COITDEVSOCOEAPPSIA/crewai-nativeai","swagger","GitLab API","v4","/api/v4/groups/{id}/integrations/datadog","PUT",2
"COITDEVSOCOEAPPSIA/crewai-nativeai","swagger","GitLab API","v4","/api/v4/groups/{id}/integrations/diffblue-cover","PUT",2
"COITDEVSOCOEAPPSIA/crewai-nativeai","swagger","GitLab API","v4","/api/v4/groups/{id}/integrations/discord","PUT",2
"COITDEVSOCOEAPPSIA/crewai-nativeai","swagger","GitLab API","v4","/api/v4/groups/{id}/integrations/drone-ci","PUT",2
"COITDEVSOCOEAPPSIA/crewai-nativeai","swagger","GitLab API","v4","/api/v4/groups/{id}/integrations/emails-on-push","PUT",2
"COITDEVSOCOEAPPSIA/crewai-nativeai","swagger","GitLab API","v4","/api/v4/groups/{id}/integrations/external-wiki","PUT",2
"COITDEVSOCOEAPPSIA/crewai-nativeai","swagger","GitLab API","v4","/api/v4/groups/{id}/integrations/gitlab-slack-application","PUT",2
"COITDEVSOCOEAPPSIA/crewai-nativeai","swagger","GitLab API","v4","/api/v4/groups/{id}/integrations/google-play","PUT",2
"COITDEVSOCOEAPPSIA/crewai-nativeai","swagger","GitLab API","v4","/api/v4/groups/{id}/integrations/hangouts-chat","PUT",2
"COITDEVSOCOEAPPSIA/crewai-nativeai","swagger","GitLab API","v4","/api/v4/groups/{id}/integrations/harbor","PUT",2
"COITDEVSOCOEAPPSIA/crewai-nativeai","swagger","GitLab API","v4","/api/v4/groups/{id}/integrations/irker","PUT",2
"COITDEVSOCOEAPPSIA/crewai-nativeai","swagger","GitLab API","v4","/api/v4/groups/{id}/integrations/jenkins","PUT",2
"COITDEVSOCOEAPPSIA/crewai-nativeai","swagger","GitLab API","v4","/api/v4/groups/{id}/integrations/jira","PUT",2
"COITDEVSOCOEAPPSIA/crewai-nativeai","swagger","GitLab API","v4","/api/v4/groups/{id}/integrations/jira-cloud-app","PUT",2
"COITDEVSOCOEAPPSIA/crewai-nativeai","swagger","GitLab API","v4","/api/v4/groups/{id}/integrations/matrix","PUT",2
"COITDEVSOCOEAPPSIA/crewai-nativeai","swagger","GitLab API","v4","/api/v4/groups/{id}/integrations/mattermost-slash-commands","PUT",2
"COITDEVSOCOEAPPSIA/crewai-nativeai","swagger","GitLab API","v4","/api/v4/groups/{id}/integrations/slack-slash-commands","PUT",2
"COITDEVSOCOEAPPSIA/crewai-nativeai","swagger","GitLab API","v4","/api/v4/groups/{id}/integrations/packagist","PUT",2
"COITDEVSOCOEAPPSIA/crewai-nativeai","swagger","GitLab API","v4","/api/v4/groups/{id}/integrations/phorge","PUT",2
"COITDEVSOCOEAPPSIA/crewai-nativeai","swagger","GitLab API","v4","/api/v4/groups/{id}/integrations/pipelines-email","PUT",2
"COITDEVSOCOEAPPSIA/crewai-nativeai","swagger","GitLab API","v4","/api/v4/groups/{id}/integrations/pivotaltracker","PUT",2
"COITDEVSOCOEAPPSIA/crewai-nativeai","swagger","GitLab API","v4","/api/v4/groups/{id}/integrations/pumble","PUT",2
"COITDEVSOCOEAPPSIA/crewai-nativeai","swagger","GitLab API","v4","/api/v4/groups/{id}/integrations/pushover","PUT",2
"COITDEVSOCOEAPPSIA/crewai-nativeai","swagger","GitLab API","v4","/api/v4/groups/{id}/integrations/redmine","PUT",2
"COITDEVSOCOEAPPSIA/crewai-nativeai","swagger","GitLab API","v4","/api/v4/groups/{id}/integrations/ewm","PUT",2
"COITDEVSOCOEAPPSIA/crewai-nativeai","swagger","GitLab API","v4","/api/v4/groups/{id}/integrations/youtrack","PUT",2
"COITDEVSOCOEAPPSIA/crewai-nativeai","swagger","GitLab API","v4","/api/v4/groups/{id}/integrations/clickup","PUT",2
"COITDEVSOCOEAPPSIA/crewai-nativeai","swagger","GitLab API","v4","/api/v4/groups/{id}/integrations/slack","PUT",2
"COITDEVSOCOEAPPSIA/crewai-nativeai","swagger","GitLab API","v4","/api/v4/groups/{id}/integrations/microsoft-teams","PUT",2
"COITDEVSOCOEAPPSIA/crewai-nativeai","swagger","GitLab API","v4","/api/v4/groups/{id}/integrations/mattermost","PUT",2
"COITDEVSOCOEAPPSIA/crewai-nativeai","swagger","GitLab API","v4","/api/v4/groups/{id}/integrations/teamcity","PUT",2
"COITDEVSOCOEAPPSIA/crewai-nativeai","swagger","GitLab API","v4","/api/v4/groups/{id}/integrations/telegram","PUT",2
"COITDEVSOCOEAPPSIA/crewai-nativeai","swagger","GitLab API","v4","/api/v4/groups/{id}/integrations/unify-circuit","PUT",2
"COITDEVSOCOEAPPSIA/crewai-nativeai","swagger","GitLab API","v4","/api/v4/groups/{id}/integrations/webex-teams","PUT",2
"COITDEVSOCOEAPPSIA/crewai-nativeai","swagger","GitLab API","v4","/api/v4/groups/{id}/integrations/zentao","PUT",2
"COITDEVSOCOEAPPSIA/crewai-nativeai","swagger","GitLab API","v4","/api/v4/groups/{id}/integrations/squash-tm","PUT",2
"COITDEVSOCOEAPPSIA/crewai-nativeai","swagger","GitLab API","v4","/api/v4/groups/{id}/integrations/github","PUT",2
"COITDEVSOCOEAPPSIA/crewai-nativeai","swagger","GitLab API","v4","/api/v4/groups/{id}/integrations/git-guardian","PUT",2
"COITDEVSOCOEAPPSIA/crewai-nativeai","swagger","GitLab API","v4","/api/v4/groups/{id}/integrations/google-cloud-platform-artifact-registry","PUT",2
"COITDEVSOCOEAPPSIA/crewai-nativeai","swagger","GitLab API","v4","/api/v4/groups/{id}/integrations/google-cloud-platform-workload-identity-federation","PUT",2
"COITDEVSOCOEAPPSIA/crewai-nativeai","swagger","GitLab API","v4","/api/v4/groups/{id}/integrations/mock-ci","PUT",2
"COITDEVSOCOEAPPSIA/crewai-nativeai","swagger","GitLab API","v4","/api/v4/groups/{id}/integrations/mock-monitoring","PUT",2
"COITDEVSOCOEAPPSIA/crewai-nativeai","swagger","GitLab API","v4","/api/v4/groups/{id}/integrations/{slug}","DELETE",2
"COITDEVSOCOEAPPSIA/crewai-nativeai","swagger","GitLab API","v4","/api/v4/groups/{id}/integrations/{slug}","GET",2
"COITDEVSOCOEAPPSIA/crewai-nativeai","swagger","GitLab API","v4","/api/v4/groups/{id}/invitations","POST",2
"COITDEVSOCOEAPPSIA/crewai-nativeai","swagger","GitLab API","v4","/api/v4/groups/{id}/invitations","GET",4
"COITDEVSOCOEAPPSIA/crewai-nativeai","swagger","GitLab API","v4","/api/v4/groups/{id}/invitations/{email}","PUT",3
"COITDEVSOCOEAPPSIA/crewai-nativeai","swagger","GitLab API","v4","/api/v4/groups/{id}/invitations/{email}","DELETE",2
"COITDEVSOCOEAPPSIA/crewai-nativeai","swagger","GitLab API","v4","/api/v4/groups/{id}/uploads","GET",3
"COITDEVSOCOEAPPSIA/crewai-nativeai","swagger","GitLab API","v4","/api/v4/groups/{id}/uploads/{upload_id}","GET",2
"COITDEVSOCOEAPPSIA/crewai-nativeai","swagger","GitLab API","v4","/api/v4/groups/{id}/uploads/{upload_id}","DELETE",2
"COITDEVSOCOEAPPSIA/crewai-nativeai","swagger","GitLab API","v4","/api/v4/groups/{id}/uploads/{secret}/{filename}","GET",3
"COITDEVSOCOEAPPSIA/crewai-nativeai","swagger","GitLab API","v4","/api/v4/groups/{id}/uploads/{secret}/{filename}","DELETE",3
"COITDEVSOCOEAPPSIA/crewai-nativeai","swagger","GitLab API","v4","/api/v4/groups/{id}/-/packages/maven/*path/{file_name}","GET",3
"COITDEVSOCOEAPPSIA/crewai-nativeai","swagger","GitLab API","v4","/api/v4/groups/{id}/members","GET",8
"COITDEVSOCOEAPPSIA/crewai-nativeai","swagger","GitLab API","v4","/api/v4/groups/{id}/members","POST",2
"COITDEVSOCOEAPPSIA/crewai-nativeai","swagger","GitLab API","v4","/api/v4/groups/{id}/members/all","GET",7
"COITDEVSOCOEAPPSIA/crewai-nativeai","swagger","GitLab API","v4","/api/v4/groups/{id}/members/{user_id}","GET",2
"COITDEVSOCOEAPPSIA/crewai-nativeai","swagger","GitLab API","v4","/api/v4/groups/{id}/members/{user_id}","PUT",3
"COITDEVSOCOEAPPSIA/crewai-nativeai","swagger","GitLab API","v4","/api/v4/groups/{id}/members/{user_id}","DELETE",4
"COITDEVSOCOEAPPSIA/crewai-nativeai","swagger","GitLab API","v4","/api/v4/groups/{id}/members/all/{user_id}","GET",2
"COITDEVSOCOEAPPSIA/crewai-nativeai","swagger","GitLab API","v4","/api/v4/groups/{id}/members/{user_id}/override","POST",2
"COITDEVSOCOEAPPSIA/crewai-nativeai","swagger","GitLab API","v4","/api/v4/groups/{id}/members/{user_id}/override","DELETE",2
"COITDEVSOCOEAPPSIA/crewai-nativeai","swagger","GitLab API","v4","/api/v4/groups/{id}/members/{member_id}/approve","PUT",2
"COITDEVSOCOEAPPSIA/crewai-nativeai","swagger","GitLab API","v4","/api/v4/groups/{id}/members/approve_all","POST",1
"COITDEVSOCOEAPPSIA/crewai-nativeai","swagger","GitLab API","v4","/api/v4/groups/{id}/pending_members","GET",3
"COITDEVSOCOEAPPSIA/crewai-nativeai","swagger","GitLab API","v4","/api/v4/groups/{id}/billable_members","GET",5
"COITDEVSOCOEAPPSIA/crewai-nativeai","swagger","GitLab API","v4","/api/v4/groups/{id}/members/{user_id}/state","PUT",3
"COITDEVSOCOEAPPSIA/crewai-nativeai","swagger","GitLab API","v4","/api/v4/groups/{id}/billable_members/{user_id}/memberships","GET",4
"COITDEVSOCOEAPPSIA/crewai-nativeai","swagger","GitLab API","v4","/api/v4/groups/{id}/billable_members/{user_id}/indirect","GET",4
"COITDEVSOCOEAPPSIA/crewai-nativeai","swagger","GitLab API","v4","/api/v4/groups/{id}/billable_members/{user_id}","DELETE",2
"COITDEVSOCOEAPPSIA/crewai-nativeai","swagger","GitLab API","v4","/api/v4/groups/{id}/merge_requests","GET",48
"COITDEVSOCOEAPPSIA/crewai-nativeai","swagger","GitLab API","v4","/api/v4/groups/{id}/-/packages/npm/-/package/*package_name/dist-tags","GET",2
"COITDEVSOCOEAPPSIA/crewai-nativeai","swagger","GitLab API","v4","/api/v4/groups/{id}/-/packages/npm/-/package/*package_name/dist-tags/{tag}","PUT",3
"COITDEVSOCOEAPPSIA/crewai-nativeai","swagger","GitLab API","v4","/api/v4/groups/{id}/-/packages/npm/-/package/*package_name/dist-tags/{tag}","DELETE",3
"COITDEVSOCOEAPPSIA/crewai-nativeai","swagger","GitLab API","v4","/api/v4/groups/{id}/-/packages/npm/-/npm/v1/security/advisories/bulk","POST",1
"COITDEVSOCOEAPPSIA/crewai-nativeai","swagger","GitLab API","v4","/api/v4/groups/{id}/-/packages/npm/-/npm/v1/security/audits/quick","POST",1
"COITDEVSOCOEAPPSIA/crewai-nativeai","swagger","GitLab API","v4","/api/v4/groups/{id}/-/packages/npm/*package_name","GET",2
"COITDEVSOCOEAPPSIA/crewai-nativeai","swagger","GitLab API","v4","/api/v4/groups/{id}/-/packages/nuget/index","GET",1
"COITDEVSOCOEAPPSIA/crewai-nativeai","swagger","GitLab API","v4","/api/v4/groups/{id}/-/packages/nuget/symbolfiles/*file_name/*signature/*same_file_name","GET",5
"COITDEVSOCOEAPPSIA/crewai-nativeai","swagger","GitLab API","v4","/api/v4/groups/{id}/-/packages/nuget/v2","GET",1
"COITDEVSOCOEAPPSIA/crewai-nativeai","swagger","GitLab API","v4","/api/v4/groups/{id}/-/packages/nuget/v2/$metadata","GET",1
"COITDEVSOCOEAPPSIA/crewai-nativeai","swagger","GitLab API","v4","/api/v4/groups/{id}/-/packages/nuget/metadata/*package_name/index","GET",2
"COITDEVSOCOEAPPSIA/crewai-nativeai","swagger","GitLab API","v4","/api/v4/groups/{id}/-/packages/nuget/metadata/*package_name/*package_version","GET",3
"COITDEVSOCOEAPPSIA/crewai-nativeai","swagger","GitLab API","v4","/api/v4/groups/{id}/-/packages/nuget/query","GET",5
"COITDEVSOCOEAPPSIA/crewai-nativeai","swagger","GitLab API","v4","/api/v4/groups/{id}/-/packages/pypi/files/{sha256}/*file_identifier","GET",3
"COITDEVSOCOEAPPSIA/crewai-nativeai","swagger","GitLab API","v4","/api/v4/groups/{id}/-/packages/pypi/simple","GET",1
"COITDEVSOCOEAPPSIA/crewai-nativeai","swagger","GitLab API","v4","/api/v4/groups/{id}/-/packages/pypi/simple/*package_name","GET",2
"COITDEVSOCOEAPPSIA/crewai-nativeai","swagger","GitLab API","v4","/api/v4/groups/{id}/releases","GET",5
"COITDEVSOCOEAPPSIA/crewai-nativeai","swagger","GitLab API","v4","/api/v4/groups/{id}/access_tokens/self/rotate","POST",2
"COITDEVSOCOEAPPSIA/crewai-nativeai","swagger","GitLab API","v4","/api/v4/groups/{id}/wikis","GET",2
"COITDEVSOCOEAPPSIA/crewai-nativeai","swagger","GitLab API","v4","/api/v4/groups/{id}/wikis","POST",2
"COITDEVSOCOEAPPSIA/crewai-nativeai","swagger","GitLab API","v4","/api/v4/groups/{id}/wikis/{slug}","GET",4
"COITDEVSOCOEAPPSIA/crewai-nativeai","swagger","GitLab API","v4","/api/v4/groups/{id}/wikis/{slug}","PUT",3
"COITDEVSOCOEAPPSIA/crewai-nativeai","swagger","GitLab API","v4","/api/v4/groups/{id}/wikis/{slug}","DELETE",2
"COITDEVSOCOEAPPSIA/crewai-nativeai","swagger","GitLab API","v4","/api/v4/groups/{id}/wikis/attachments","POST",2
"COITDEVSOCOEAPPSIA/crewai-nativeai","swagger","GitLab API","v4","/api/v4/projects/{id}/access_requests","GET",3
"COITDEVSOCOEAPPSIA/crewai-nativeai","swagger","GitLab API","v4","/api/v4/projects/{id}/access_requests","POST",1
"COITDEVSOCOEAPPSIA/crewai-nativeai","swagger","GitLab API","v4","/api/v4/projects/{id}/access_requests/{user_id}/approve","PUT",3
"COITDEVSOCOEAPPSIA/crewai-nativeai","swagger","GitLab API","v4","/api/v4/projects/{id}/access_requests/{user_id}","DELETE",2
"COITDEVSOCOEAPPSIA/crewai-nativeai","swagger","GitLab API","v4","/api/v4/projects/{id}/alert_management_alerts/{alert_iid}/metric_images/authorize","POST",2
"COITDEVSOCOEAPPSIA/crewai-nativeai","swagger","GitLab API","v4","/api/v4/projects/{id}/alert_management_alerts/{alert_iid}/metric_images","POST",5
"COITDEVSOCOEAPPSIA/crewai-nativeai","swagger","GitLab API","v4","/api/v4/projects/{id}/alert_management_alerts/{alert_iid}/metric_images","GET",2
"COITDEVSOCOEAPPSIA/crewai-nativeai","swagger","GitLab API","v4","/api/v4/projects/{id}/alert_management_alerts/{alert_iid}/metric_images/{metric_image_id}","PUT",5
"COITDEVSOCOEAPPSIA/crewai-nativeai","swagger","GitLab API","v4","/api/v4/projects/{id}/alert_management_alerts/{alert_iid}/metric_images/{metric_image_id}","DELETE",3
"COITDEVSOCOEAPPSIA/crewai-nativeai","swagger","GitLab API","v4","/api/v4/projects/{id}/issues/{issue_iid}/award_emoji","GET",4
"COITDEVSOCOEAPPSIA/crewai-nativeai","swagger","GitLab API","v4","/api/v4/projects/{id}/issues/{issue_iid}/award_emoji","POST",3
"COITDEVSOCOEAPPSIA/crewai-nativeai","swagger","GitLab API","v4","/api/v4/projects/{id}/issues/{issue_iid}/award_emoji/{award_id}","GET",3
"COITDEVSOCOEAPPSIA/crewai-nativeai","swagger","GitLab API","v4","/api/v4/projects/{id}/issues/{issue_iid}/award_emoji/{award_id}","DELETE",3
"COITDEVSOCOEAPPSIA/crewai-nativeai","swagger","GitLab API","v4","/api/v4/projects/{id}/issues/{issue_iid}/notes/{note_id}/award_emoji","GET",5
"COITDEVSOCOEAPPSIA/crewai-nativeai","swagger","GitLab API","v4","/api/v4/projects/{id}/issues/{issue_iid}/notes/{note_id}/award_emoji","POST",4
"COITDEVSOCOEAPPSIA/crewai-nativeai","swagger","GitLab API","v4","/api/v4/projects/{id}/issues/{issue_iid}/notes/{note_id}/award_emoji/{award_id}","GET",4
"COITDEVSOCOEAPPSIA/crewai-nativeai","swagger","GitLab API","v4","/api/v4/projects/{id}/issues/{issue_iid}/notes/{note_id}/award_emoji/{award_id}","DELETE",4
"COITDEVSOCOEAPPSIA/crewai-nativeai","swagger","GitLab API","v4","/api/v4/projects/{id}/merge_requests/{merge_request_iid}/award_emoji","GET",4
"COITDEVSOCOEAPPSIA/crewai-nativeai","swagger","GitLab API","v4","/api/v4/projects/{id}/merge_requests/{merge_request_iid}/award_emoji","POST",3
"COITDEVSOCOEAPPSIA/crewai-nativeai","swagger","GitLab API","v4","/api/v4/projects/{id}/merge_requests/{merge_request_iid}/award_emoji/{award_id}","GET",3
"COITDEVSOCOEAPPSIA/crewai-nativeai","swagger","GitLab API","v4","/api/v4/projects/{id}/merge_requests/{merge_request_iid}/award_emoji/{award_id}","DELETE",3
"COITDEVSOCOEAPPSIA/crewai-nativeai","swagger","GitLab API","v4","/api/v4/projects/{id}/merge_requests/{merge_request_iid}/notes/{note_id}/award_emoji","GET",5
"COITDEVSOCOEAPPSIA/crewai-nativeai","swagger","GitLab API","v4","/api/v4/projects/{id}/merge_requests/{merge_request_iid}/notes/{note_id}/award_emoji","POST",4
"COITDEVSOCOEAPPSIA/crewai-nativeai","swagger","GitLab API","v4","/api/v4/projects/{id}/merge_requests/{merge_request_iid}/notes/{note_id}/award_emoji/{award_id}","GET",4
"COITDEVSOCOEAPPSIA/crewai-nativeai","swagger","GitLab API","v4","/api/v4/projects/{id}/merge_requests/{merge_request_iid}/notes/{note_id}/award_emoji/{award_id}","DELETE",4
"COITDEVSOCOEAPPSIA/crewai-nativeai","swagger","GitLab API","v4","/api/v4/projects/{id}/snippets/{snippet_id}/award_emoji","GET",4
"COITDEVSOCOEAPPSIA/crewai-nativeai","swagger","GitLab API","v4","/api/v4/projects/{id}/snippets/{snippet_id}/award_emoji","POST",3
"COITDEVSOCOEAPPSIA/crewai-nativeai","swagger","GitLab API","v4","/api/v4/projects/{id}/snippets/{snippet_id}/award_emoji/{award_id}","GET",3
"COITDEVSOCOEAPPSIA/crewai-nativeai","swagger","GitLab API","v4","/api/v4/projects/{id}/snippets/{snippet_id}/award_emoji/{award_id}","DELETE",3
"COITDEVSOCOEAPPSIA/crewai-nativeai","swagger","GitLab API","v4","/api/v4/projects/{id}/snippets/{snippet_id}/notes/{note_id}/award_emoji","GET",5
"COITDEVSOCOEAPPSIA/crewai-nativeai","swagger","GitLab API","v4","/api/v4/projects/{id}/snippets/{snippet_id}/notes/{note_id}/award_emoji","POST",4
"COITDEVSOCOEAPPSIA/crewai-nativeai","swagger","GitLab API","v4","/api/v4/projects/{id}/snippets/{snippet_id}/notes/{note_id}/award_emoji/{award_id}","GET",4
"COITDEVSOCOEAPPSIA/crewai-nativeai","swagger","GitLab API","v4","/api/v4/projects/{id}/snippets/{snippet_id}/notes/{note_id}/award_emoji/{award_id}","DELETE",4
"COITDEVSOCOEAPPSIA/crewai-nativeai","swagger","GitLab API","v4","/api/v4/projects/{id}/badges","GET",4
"COITDEVSOCOEAPPSIA/crewai-nativeai","swagger","GitLab API","v4","/api/v4/projects/{id}/badges","POST",2
"COITDEVSOCOEAPPSIA/crewai-nativeai","swagger","GitLab API","v4","/api/v4/projects/{id}/badges/render","GET",3
"COITDEVSOCOEAPPSIA/crewai-nativeai","swagger","GitLab API","v4","/api/v4/projects/{id}/badges/{badge_id}","GET",2
"COITDEVSOCOEAPPSIA/crewai-nativeai","swagger","GitLab API","v4","/api/v4/projects/{id}/badges/{badge_id}","PUT",3
"COITDEVSOCOEAPPSIA/crewai-nativeai","swagger","GitLab API","v4","/api/v4/projects/{id}/badges/{badge_id}","DELETE",2
"COITDEVSOCOEAPPSIA/crewai-nativeai","swagger","GitLab API","v4","/api/v4/projects/{id}/repository/branches","GET",7
"COITDEVSOCOEAPPSIA/crewai-nativeai","swagger","GitLab API","v4","/api/v4/projects/{id}/repository/branches","POST",2
"COITDEVSOCOEAPPSIA/crewai-nativeai","swagger","GitLab API","v4","/api/v4/projects/{id}/repository/branches/{branch}","GET",2
"COITDEVSOCOEAPPSIA/crewai-nativeai","swagger","GitLab API","v4","/api/v4/projects/{id}/repository/branches/{branch}","DELETE",2
"COITDEVSOCOEAPPSIA/crewai-nativeai","swagger","GitLab API","v4","/api/v4/projects/{id}/repository/branches/{branch}/protect","PUT",3
"COITDEVSOCOEAPPSIA/crewai-nativeai","swagger","GitLab API","v4","/api/v4/projects/{id}/repository/branches/{branch}/unprotect","PUT",2
"COITDEVSOCOEAPPSIA/crewai-nativeai","swagger","GitLab API","v4","/api/v4/projects/{id}/repository/merged_branches","DELETE",1
"COITDEVSOCOEAPPSIA/crewai-nativeai","swagger","GitLab API","v4","/api/v4/projects/{id}/catalog/publish","POST",2
"COITDEVSOCOEAPPSIA/crewai-nativeai","swagger","GitLab API","v4","/api/v4/projects/{id}/jobs/artifacts/{ref_name}/download","GET",4
"COITDEVSOCOEAPPSIA/crewai-nativeai","swagger","GitLab API","v4","/api/v4/projects/{id}/jobs/artifacts/{ref_name}/raw/*artifact_path","GET",5
"COITDEVSOCOEAPPSIA/crewai-nativeai","swagger","GitLab API","v4","/api/v4/projects/{id}/jobs/{job_id}/artifacts","GET",3
"COITDEVSOCOEAPPSIA/crewai-nativeai","swagger","GitLab API","v4","/api/v4/projects/{id}/jobs/{job_id}/artifacts","DELETE",2
"COITDEVSOCOEAPPSIA/crewai-nativeai","swagger","GitLab API","v4","/api/v4/projects/{id}/jobs/{job_id}/artifacts/*artifact_path","GET",4
"COITDEVSOCOEAPPSIA/crewai-nativeai","swagger","GitLab API","v4","/api/v4/projects/{id}/jobs/{job_id}/artifacts/keep","POST",2
"COITDEVSOCOEAPPSIA/crewai-nativeai","swagger","GitLab API","v4","/api/v4/projects/{id}/artifacts","DELETE",1
"COITDEVSOCOEAPPSIA/crewai-nativeai","swagger","GitLab API","v4","/api/v4/projects/{id}/jobs","GET",4
"COITDEVSOCOEAPPSIA/crewai-nativeai","swagger","GitLab API","v4","/api/v4/projects/{id}/jobs/{job_id}","GET",2
"COITDEVSOCOEAPPSIA/crewai-nativeai","swagger","GitLab API","v4","/api/v4/projects/{id}/jobs/{job_id}/trace","GET",2
"COITDEVSOCOEAPPSIA/crewai-nativeai","swagger","GitLab API","v4","/api/v4/projects/{id}/jobs/{job_id}/cancel","POST",3
"COITDEVSOCOEAPPSIA/crewai-nativeai","swagger","GitLab API","v4","/api/v4/projects/{id}/jobs/{job_id}/retry","POST",2
"COITDEVSOCOEAPPSIA/crewai-nativeai","swagger","GitLab API","v4","/api/v4/projects/{id}/jobs/{job_id}/erase","POST",2
"COITDEVSOCOEAPPSIA/crewai-nativeai","swagger","GitLab API","v4","/api/v4/projects/{id}/jobs/{job_id}/play","POST",3
"COITDEVSOCOEAPPSIA/crewai-nativeai","swagger","GitLab API","v4","/api/v4/projects/{id}/resource_groups","GET",3
"COITDEVSOCOEAPPSIA/crewai-nativeai","swagger","GitLab API","v4","/api/v4/projects/{id}/resource_groups/{key}","GET",2
"COITDEVSOCOEAPPSIA/crewai-nativeai","swagger","GitLab API","v4","/api/v4/projects/{id}/resource_groups/{key}","PUT",3
"COITDEVSOCOEAPPSIA/crewai-nativeai","swagger","GitLab API","v4","/api/v4/projects/{id}/resource_groups/{key}/upcoming_jobs","GET",4
"COITDEVSOCOEAPPSIA/crewai-nativeai","swagger","GitLab API","v4","/api/v4/projects/{id}/runners","GET",9
"COITDEVSOCOEAPPSIA/crewai-nativeai","swagger","GitLab API","v4","/api/v4/projects/{id}/runners","POST",2
"COITDEVSOCOEAPPSIA/crewai-nativeai","swagger","GitLab API","v4","/api/v4/projects/{id}/runners/{runner_id}","DELETE",2
"COITDEVSOCOEAPPSIA/crewai-nativeai","swagger","GitLab API","v4","/api/v4/projects/{id}/runners/reset_registration_token","POST",1
"COITDEVSOCOEAPPSIA/crewai-nativeai","swagger","GitLab API","v4","/api/v4/projects/{id}/secure_files","GET",3
"COITDEVSOCOEAPPSIA/crewai-nativeai","swagger","GitLab API","v4","/api/v4/projects/{id}/secure_files","POST",2
"COITDEVSOCOEAPPSIA/crewai-nativeai","swagger","GitLab API","v4","/api/v4/projects/{id}/secure_files/{secure_file_id}","GET",2
"COITDEVSOCOEAPPSIA/crewai-nativeai","swagger","GitLab API","v4","/api/v4/projects/{id}/secure_files/{secure_file_id}","DELETE",2
"COITDEVSOCOEAPPSIA/crewai-nativeai","swagger","GitLab API","v4","/api/v4/projects/{id}/secure_files/{secure_file_id}/download","GET",2
"COITDEVSOCOEAPPSIA/crewai-nativeai","swagger","GitLab API","v4","/api/v4/projects/{id}/pipelines","GET",17
"COITDEVSOCOEAPPSIA/crewai-nativeai","swagger","GitLab API","v4","/api/v4/projects/{id}/pipeline","POST",2
"COITDEVSOCOEAPPSIA/crewai-nativeai","swagger","GitLab API","v4","/api/v4/projects/{id}/pipelines/latest","GET",2
"COITDEVSOCOEAPPSIA/crewai-nativeai","swagger","GitLab API","v4","/api/v4/projects/{id}/pipelines/{pipeline_id}","GET",2
"COITDEVSOCOEAPPSIA/crewai-nativeai","swagger","GitLab API","v4","/api/v4/projects/{id}/pipelines/{pipeline_id}","DELETE",2
"COITDEVSOCOEAPPSIA/crewai-nativeai","swagger","GitLab API","v4","/api/v4/projects/{id}/pipelines/{pipeline_id}/jobs","GET",6
"COITDEVSOCOEAPPSIA/crewai-nativeai","swagger","GitLab API","v4","/api/v4/projects/{id}/pipelines/{pipeline_id}/bridges","GET",5
"COITDEVSOCOEAPPSIA/crewai-nativeai","swagger","GitLab API","v4","/api/v4/projects/{id}/pipelines/{pipeline_id}/variables","GET",2
"COITDEVSOCOEAPPSIA/crewai-nativeai","swagger","GitLab API","v4","/api/v4/projects/{id}/pipelines/{pipeline_id}/test_report","GET",2
"COITDEVSOCOEAPPSIA/crewai-nativeai","swagger","GitLab API","v4","/api/v4/projects/{id}/pipelines/{pipeline_id}/test_report_summary","GET",2
"COITDEVSOCOEAPPSIA/crewai-nativeai","swagger","GitLab API","v4","/api/v4/projects/{id}/pipelines/{pipeline_id}/metadata","PUT",3
"COITDEVSOCOEAPPSIA/crewai-nativeai","swagger","GitLab API","v4","/api/v4/projects/{id}/pipelines/{pipeline_id}/retry","POST",2
"COITDEVSOCOEAPPSIA/crewai-nativeai","swagger","GitLab API","v4","/api/v4/projects/{id}/pipelines/{pipeline_id}/cancel","POST",2
"COITDEVSOCOEAPPSIA/crewai-nativeai","swagger","GitLab API","v4","/api/v4/projects/{id}/pipeline_schedules","GET",4
"COITDEVSOCOEAPPSIA/crewai-nativeai","swagger","GitLab API","v4","/api/v4/projects/{id}/pipeline_schedules","POST",2
"COITDEVSOCOEAPPSIA/crewai-nativeai","swagger","GitLab API","v4","/api/v4/projects/{id}/pipeline_schedules/{pipeline_schedule_id}","GET",2
"COITDEVSOCOEAPPSIA/crewai-nativeai","swagger","GitLab API","v4","/api/v4/projects/{id}/pipeline_schedules/{pipeline_schedule_id}","PUT",3
"COITDEVSOCOEAPPSIA/crewai-nativeai","swagger","GitLab API","v4","/api/v4/projects/{id}/pipeline_schedules/{pipeline_schedule_id}","DELETE",2
"COITDEVSOCOEAPPSIA/crewai-nativeai","swagger","GitLab API","v4","/api/v4/projects/{id}/pipeline_schedules/{pipeline_schedule_id}/pipelines","GET",2
"COITDEVSOCOEAPPSIA/crewai-nativeai","swagger","GitLab API","v4","/api/v4/projects/{id}/pipeline_schedules/{pipeline_schedule_id}/take_ownership","POST",2
"COITDEVSOCOEAPPSIA/crewai-nativeai","swagger","GitLab API","v4","/api/v4/projects/{id}/pipeline_schedules/{pipeline_schedule_id}/play","POST",2
"COITDEVSOCOEAPPSIA/crewai-nativeai","swagger","GitLab API","v4","/api/v4/projects/{id}/pipeline_schedules/{pipeline_schedule_id}/variables","POST",3
"COITDEVSOCOEAPPSIA/crewai-nativeai","swagger","GitLab API","v4","/api/v4/projects/{id}/pipeline_schedules/{pipeline_schedule_id}/variables/{key}","PUT",4
"COITDEVSOCOEAPPSIA/crewai-nativeai","swagger","GitLab API","v4","/api/v4/projects/{id}/pipeline_schedules/{pipeline_schedule_id}/variables/{key}","DELETE",3
"COITDEVSOCOEAPPSIA/crewai-nativeai","swagger","GitLab API","v4","/api/v4/projects/{id}/(ref/{ref}/)trigger/pipeline","POST",3
"COITDEVSOCOEAPPSIA/crewai-nativeai","swagger","GitLab API","v4","/api/v4/projects/{id}/triggers","GET",3
"COITDEVSOCOEAPPSIA/crewai-nativeai","swagger","GitLab API","v4","/api/v4/projects/{id}/triggers","POST",2
"COITDEVSOCOEAPPSIA/crewai-nativeai","swagger","GitLab API","v4","/api/v4/projects/{id}/triggers/{trigger_id}","GET",2
"COITDEVSOCOEAPPSIA/crewai-nativeai","swagger","GitLab API","v4","/api/v4/projects/{id}/triggers/{trigger_id}","PUT",3
"COITDEVSOCOEAPPSIA/crewai-nativeai","swagger","GitLab API","v4","/api/v4/projects/{id}/triggers/{trigger_id}","DELETE",2
"COITDEVSOCOEAPPSIA/crewai-nativeai","swagger","GitLab API","v4","/api/v4/projects/{id}/variables","GET",3
"COITDEVSOCOEAPPSIA/crewai-nativeai","swagger","GitLab API","v4","/api/v4/projects/{id}/variables","POST",2
"COITDEVSOCOEAPPSIA/crewai-nativeai","swagger","GitLab API","v4","/api/v4/projects/{id}/variables/{key}","GET",3
"COITDEVSOCOEAPPSIA/crewai-nativeai","swagger","GitLab API","v4","/api/v4/projects/{id}/variables/{key}","PUT",3
"COITDEVSOCOEAPPSIA/crewai-nativeai","swagger","GitLab API","v4","/api/v4/projects/{id}/variables/{key}","DELETE",3
"COITDEVSOCOEAPPSIA/crewai-nativeai","swagger","GitLab API","v4","/api/v4/projects/{id}/cluster_agents/{agent_id}/tokens","GET",4
"COITDEVSOCOEAPPSIA/crewai-nativeai","swagger","GitLab API","v4","/api/v4/projects/{id}/cluster_agents/{agent_id}/tokens","POST",3
"COITDEVSOCOEAPPSIA/crewai-nativeai","swagger","GitLab API","v4","/api/v4/projects/{id}/cluster_agents/{agent_id}/tokens/{token_id}","GET",3
"COITDEVSOCOEAPPSIA/crewai-nativeai","swagger","GitLab API","v4","/api/v4/projects/{id}/cluster_agents/{agent_id}/tokens/{token_id}","DELETE",3
"COITDEVSOCOEAPPSIA/crewai-nativeai","swagger","GitLab API","v4","/api/v4/projects/{id}/cluster_agents","GET",3
"COITDEVSOCOEAPPSIA/crewai-nativeai","swagger","GitLab API","v4","/api/v4/projects/{id}/cluster_agents","POST",2
"COITDEVSOCOEAPPSIA/crewai-nativeai","swagger","GitLab API","v4","/api/v4/projects/{id}/cluster_agents/{agent_id}","GET",2
"COITDEVSOCOEAPPSIA/crewai-nativeai","swagger","GitLab API","v4","/api/v4/projects/{id}/cluster_agents/{agent_id}","DELETE",2
"COITDEVSOCOEAPPSIA/crewai-nativeai","swagger","GitLab API","v4","/api/v4/projects/{id}/packages/cargo/config.json","GET",1
"COITDEVSOCOEAPPSIA/crewai-nativeai","swagger","GitLab API","v4","/api/v4/projects/{id}/repository/commits","GET",13
"COITDEVSOCOEAPPSIA/crewai-nativeai","swagger","GitLab API","v4","/api/v4/projects/{id}/repository/commits","POST",2
"COITDEVSOCOEAPPSIA/crewai-nativeai","swagger","GitLab API","v4","/api/v4/projects/{id}/repository/commits/{sha}","GET",3
"COITDEVSOCOEAPPSIA/crewai-nativeai","swagger","GitLab API","v4","/api/v4/projects/{id}/repository/commits/{sha}/diff","GET",5
"COITDEVSOCOEAPPSIA/crewai-nativeai","swagger","GitLab API","v4","/api/v4/projects/{id}/repository/commits/{sha}/comments","GET",4
"COITDEVSOCOEAPPSIA/crewai-nativeai","swagger","GitLab API","v4","/api/v4/projects/{id}/repository/commits/{sha}/comments","POST",3
"COITDEVSOCOEAPPSIA/crewai-nativeai","swagger","GitLab API","v4","/api/v4/projects/{id}/repository/commits/{sha}/sequence","GET",3
"COITDEVSOCOEAPPSIA/crewai-nativeai","swagger","GitLab API","v4","/api/v4/projects/{id}/repository/commits/{sha}/cherry_pick","POST",3
"COITDEVSOCOEAPPSIA/crewai-nativeai","swagger","GitLab API","v4","/api/v4/projects/{id}/repository/commits/{sha}/revert","POST",3
"COITDEVSOCOEAPPSIA/crewai-nativeai","swagger","GitLab API","v4","/api/v4/projects/{id}/repository/commits/{sha}/refs","GET",5
"COITDEVSOCOEAPPSIA/crewai-nativeai","swagger","GitLab API","v4","/api/v4/projects/{id}/repository/commits/{sha}/merge_requests","GET",5
"COITDEVSOCOEAPPSIA/crewai-nativeai","swagger","GitLab API","v4","/api/v4/projects/{id}/repository/commits/{sha}/signature","GET",2
"COITDEVSOCOEAPPSIA/crewai-nativeai","swagger","GitLab API","v4","/api/v4/projects/{id}/repository/commits/{sha}/statuses","GET",11
"COITDEVSOCOEAPPSIA/crewai-nativeai","swagger","GitLab API","v4","/api/v4/projects/{id}/statuses/{sha}","POST",3
"COITDEVSOCOEAPPSIA/crewai-nativeai","swagger","GitLab API","v4","/api/v4/projects/{id}/packages/composer","POST",2
"COITDEVSOCOEAPPSIA/crewai-nativeai","swagger","GitLab API","v4","/api/v4/projects/{id}/packages/composer/archives/*package_name","GET",3
"COITDEVSOCOEAPPSIA/crewai-nativeai","swagger","GitLab API","v4","/api/v4/projects/{id}/packages/conan/v1/users/authenticate","GET",1
"COITDEVSOCOEAPPSIA/crewai-nativeai","swagger","GitLab API","v4","/api/v4/projects/{id}/packages/conan/v1/users/check_credentials","GET",1
"COITDEVSOCOEAPPSIA/crewai-nativeai","swagger","GitLab API","v4","/api/v4/projects/{id}/packages/conan/v1/conans/search","GET",2
"COITDEVSOCOEAPPSIA/crewai-nativeai","swagger","GitLab API","v4","/api/v4/projects/{id}/packages/conan/v1/conans/{package_name}/{package_version}/{package_username}/{package_channel}/search","GET",5
"COITDEVSOCOEAPPSIA/crewai-nativeai","swagger","GitLab API","v4","/api/v4/projects/{id}/packages/conan/v1/ping","GET",1
"COITDEVSOCOEAPPSIA/crewai-nativeai","swagger","GitLab API","v4","/api/v4/projects/{id}/packages/conan/v1/conans/{package_name}/{package_version}/{package_username}/{package_channel}/packages/{conan_package_reference}","GET",6
"COITDEVSOCOEAPPSIA/crewai-nativeai","swagger","GitLab API","v4","/api/v4/projects/{id}/packages/conan/v1/conans/{package_name}/{package_version}/{package_username}/{package_channel}","GET",5
"COITDEVSOCOEAPPSIA/crewai-nativeai","swagger","GitLab API","v4","/api/v4/projects/{id}/packages/conan/v1/conans/{package_name}/{package_version}/{package_username}/{package_channel}","DELETE",5
"COITDEVSOCOEAPPSIA/crewai-nativeai","swagger","GitLab API","v4","/api/v4/projects/{id}/packages/conan/v1/conans/{package_name}/{package_version}/{package_username}/{package_channel}/packages/{conan_package_reference}/digest","GET",6
"COITDEVSOCOEAPPSIA/crewai-nativeai","swagger","GitLab API","v4","/api/v4/projects/{id}/packages/conan/v1/conans/{package_name}/{package_version}/{package_username}/{package_channel}/digest","GET",5
"COITDEVSOCOEAPPSIA/crewai-nativeai","swagger","GitLab API","v4","/api/v4/projects/{id}/packages/conan/v1/conans/{package_name}/{package_version}/{package_username}/{package_channel}/packages/{conan_package_reference}/download_urls","GET",6
"COITDEVSOCOEAPPSIA/crewai-nativeai","swagger","GitLab API","v4","/api/v4/projects/{id}/packages/conan/v1/conans/{package_name}/{package_version}/{package_username}/{package_channel}/download_urls","GET",5
"COITDEVSOCOEAPPSIA/crewai-nativeai","swagger","GitLab API","v4","/api/v4/projects/{id}/packages/conan/v1/conans/{package_name}/{package_version}/{package_username}/{package_channel}/packages/{conan_package_reference}/upload_urls","POST",6
"COITDEVSOCOEAPPSIA/crewai-nativeai","swagger","GitLab API","v4","/api/v4/projects/{id}/packages/conan/v1/conans/{package_name}/{package_version}/{package_username}/{package_channel}/upload_urls","POST",5
"COITDEVSOCOEAPPSIA/crewai-nativeai","swagger","GitLab API","v4","/api/v4/projects/{id}/packages/conan/v1/files/{package_name}/{package_version}/{package_username}/{package_channel}/{recipe_revision}/export/{file_name}","GET",7
"COITDEVSOCOEAPPSIA/crewai-nativeai","swagger","GitLab API","v4","/api/v4/projects/{id}/packages/conan/v1/files/{package_name}/{package_version}/{package_username}/{package_channel}/{recipe_revision}/export/{file_name}","PUT",8
"COITDEVSOCOEAPPSIA/crewai-nativeai","swagger","GitLab API","v4","/api/v4/projects/{id}/packages/conan/v1/files/{package_name}/{package_version}/{package_username}/{package_channel}/{recipe_revision}/export/{file_name}/authorize","PUT",7
"COITDEVSOCOEAPPSIA/crewai-nativeai","swagger","GitLab API","v4","/api/v4/projects/{id}/packages/conan/v1/files/{package_name}/{package_version}/{package_username}/{package_channel}/{recipe_revision}/package/{conan_package_reference}/{package_revision}/{file_name}","GET",9
"COITDEVSOCOEAPPSIA/crewai-nativeai","swagger","GitLab API","v4","/api/v4/projects/{id}/packages/conan/v1/files/{package_name}/{package_version}/{package_username}/{package_channel}/{recipe_revision}/package/{conan_package_reference}/{package_revision}/{file_name}","PUT",10
"COITDEVSOCOEAPPSIA/crewai-nativeai","swagger","GitLab API","v4","/api/v4/projects/{id}/packages/conan/v1/files/{package_name}/{package_version}/{package_username}/{package_channel}/{recipe_revision}/package/{conan_package_reference}/{package_revision}/{file_name}/authorize","PUT",9
"COITDEVSOCOEAPPSIA/crewai-nativeai","swagger","GitLab API","v4","/api/v4/projects/{id}/packages/conan/v2/users/authenticate","GET",1
"COITDEVSOCOEAPPSIA/crewai-nativeai","swagger","GitLab API","v4","/api/v4/projects/{id}/packages/conan/v2/users/check_credentials","GET",1
"COITDEVSOCOEAPPSIA/crewai-nativeai","swagger","GitLab API","v4","/api/v4/projects/{id}/packages/conan/v2/conans/search","GET",2
"COITDEVSOCOEAPPSIA/crewai-nativeai","swagger","GitLab API","v4","/api/v4/projects/{id}/packages/conan/v2/conans/{package_name}/{package_version}/{package_username}/{package_channel}/search","GET",5
"COITDEVSOCOEAPPSIA/crewai-nativeai","swagger","GitLab API","v4","/api/v4/projects/{id}/packages/conan/v2/conans/{package_name}/{package_version}/{package_username}/{package_channel}/latest","GET",5
"COITDEVSOCOEAPPSIA/crewai-nativeai","swagger","GitLab API","v4","/api/v4/projects/{id}/packages/conan/v2/conans/{package_name}/{package_version}/{package_username}/{package_channel}/revisions","GET",5
"COITDEVSOCOEAPPSIA/crewai-nativeai","swagger","GitLab API","v4","/api/v4/projects/{id}/packages/conan/v2/conans/{package_name}/{package_version}/{package_username}/{package_channel}/revisions/{recipe_revision}","DELETE",6
"COITDEVSOCOEAPPSIA/crewai-nativeai","swagger","GitLab API","v4","/api/v4/projects/{id}/packages/conan/v2/conans/{package_name}/{package_version}/{package_username}/{package_channel}/revisions/{recipe_revision}/files","GET",6
"COITDEVSOCOEAPPSIA/crewai-nativeai","swagger","GitLab API","v4","/api/v4/projects/{id}/packages/conan/v2/conans/{package_name}/{package_version}/{package_username}/{package_channel}/revisions/{recipe_revision}/files/{file_name}","GET",7
"COITDEVSOCOEAPPSIA/crewai-nativeai","swagger","GitLab API","v4","/api/v4/projects/{id}/packages/conan/v2/conans/{package_name}/{package_version}/{package_username}/{package_channel}/revisions/{recipe_revision}/files/{file_name}","PUT",8
"COITDEVSOCOEAPPSIA/crewai-nativeai","swagger","GitLab API","v4","/api/v4/projects/{id}/packages/conan/v2/conans/{package_name}/{package_version}/{package_username}/{package_channel}/revisions/{recipe_revision}/files/{file_name}/authorize","PUT",7
"COITDEVSOCOEAPPSIA/crewai-nativeai","swagger","GitLab API","v4","/api/v4/projects/{id}/packages/conan/v2/conans/{package_name}/{package_version}/{package_username}/{package_channel}/revisions/{recipe_revision}/search","GET",6
"COITDEVSOCOEAPPSIA/crewai-nativeai","swagger","GitLab API","v4","/api/v4/projects/{id}/packages/conan/v2/conans/{package_name}/{package_version}/{package_username}/{package_channel}/revisions/{recipe_revision}/packages/{conan_package_reference}/latest","GET",7
"COITDEVSOCOEAPPSIA/crewai-nativeai","swagger","GitLab API","v4","/api/v4/projects/{id}/packages/conan/v2/conans/{package_name}/{package_version}/{package_username}/{package_channel}/revisions/{recipe_revision}/packages/{conan_package_reference}/revisions","GET",7
"COITDEVSOCOEAPPSIA/crewai-nativeai","swagger","GitLab API","v4","/api/v4/projects/{id}/packages/conan/v2/conans/{package_name}/{package_version}/{package_username}/{package_channel}/revisions/{recipe_revision}/packages/{conan_package_reference}/revisions/{package_revision}","DELETE",8
"COITDEVSOCOEAPPSIA/crewai-nativeai","swagger","GitLab API","v4","/api/v4/projects/{id}/packages/conan/v2/conans/{package_name}/{package_version}/{package_username}/{package_channel}/revisions/{recipe_revision}/packages/{conan_package_reference}/revisions/{package_revision}/files","GET",8
"COITDEVSOCOEAPPSIA/crewai-nativeai","swagger","GitLab API","v4","/api/v4/projects/{id}/packages/conan/v2/conans/{package_name}/{package_version}/{package_username}/{package_channel}/revisions/{recipe_revision}/packages/{conan_package_reference}/revisions/{package_revision}/files/{file_name}","GET",9
"COITDEVSOCOEAPPSIA/crewai-nativeai","swagger","GitLab API","v4","/api/v4/projects/{id}/packages/conan/v2/conans/{package_name}/{package_version}/{package_username}/{package_channel}/revisions/{recipe_revision}/packages/{conan_package_reference}/revisions/{package_revision}/files/{file_name}","PUT",10
"COITDEVSOCOEAPPSIA/crewai-nativeai","swagger","GitLab API","v4","/api/v4/projects/{id}/packages/conan/v2/conans/{package_name}/{package_version}/{package_username}/{package_channel}/revisions/{recipe_revision}/packages/{conan_package_reference}/revisions/{package_revision}/files/{file_name}/authorize","PUT",9
"COITDEVSOCOEAPPSIA/crewai-nativeai","swagger","GitLab API","v4","/api/v4/projects/{id}/packages/debian/dists/*distribution/Release.gpg","GET",2
"COITDEVSOCOEAPPSIA/crewai-nativeai","swagger","GitLab API","v4","/api/v4/projects/{id}/packages/debian/dists/*distribution/Release","GET",2
"COITDEVSOCOEAPPSIA/crewai-nativeai","swagger","GitLab API","v4","/api/v4/projects/{id}/packages/debian/dists/*distribution/InRelease","GET",2
"COITDEVSOCOEAPPSIA/crewai-nativeai","swagger","GitLab API","v4","/api/v4/projects/{id}/packages/debian/dists/*distribution/{component}/debian-installer/binary-{architecture}/Packages","GET",4
"COITDEVSOCOEAPPSIA/crewai-nativeai","swagger","GitLab API","v4","/api/v4/projects/{id}/packages/debian/dists/*distribution/{component}/debian-installer/binary-{architecture}/by-hash/SHA256/{file_sha256}","GET",5
"COITDEVSOCOEAPPSIA/crewai-nativeai","swagger","GitLab API","v4","/api/v4/projects/{id}/packages/debian/dists/*distribution/{component}/source/Sources","GET",3
"COITDEVSOCOEAPPSIA/crewai-nativeai","swagger","GitLab API","v4","/api/v4/projects/{id}/packages/debian/dists/*distribution/{component}/source/by-hash/SHA256/{file_sha256}","GET",4
"COITDEVSOCOEAPPSIA/crewai-nativeai","swagger","GitLab API","v4","/api/v4/projects/{id}/packages/debian/dists/*distribution/{component}/binary-{architecture}/Packages","GET",4
"COITDEVSOCOEAPPSIA/crewai-nativeai","swagger","GitLab API","v4","/api/v4/projects/{id}/packages/debian/dists/*distribution/{component}/binary-{architecture}/by-hash/SHA256/{file_sha256}","GET",5
"COITDEVSOCOEAPPSIA/crewai-nativeai","swagger","GitLab API","v4","/api/v4/projects/{id}/packages/debian/pool/{distribution}/{letter}/{package_name}/{package_version}/{file_name}","GET",6
"COITDEVSOCOEAPPSIA/crewai-nativeai","swagger","GitLab API","v4","/api/v4/projects/{id}/packages/debian/{file_name}","PUT",3
"COITDEVSOCOEAPPSIA/crewai-nativeai","swagger","GitLab API","v4","/api/v4/projects/{id}/packages/debian/{file_name}/authorize","PUT",3
"COITDEVSOCOEAPPSIA/crewai-nativeai","swagger","GitLab API","v4","/api/v4/projects/{id}/deploy_keys","GET",3
"COITDEVSOCOEAPPSIA/crewai-nativeai","swagger","GitLab API","v4","/api/v4/projects/{id}/deploy_keys","POST",2
"COITDEVSOCOEAPPSIA/crewai-nativeai","swagger","GitLab API","v4","/api/v4/projects/{id}/deploy_keys/{key_id}","GET",2
"COITDEVSOCOEAPPSIA/crewai-nativeai","swagger","GitLab API","v4","/api/v4/projects/{id}/deploy_keys/{key_id}","PUT",3
"COITDEVSOCOEAPPSIA/crewai-nativeai","swagger","GitLab API","v4","/api/v4/projects/{id}/deploy_keys/{key_id}","DELETE",2
"COITDEVSOCOEAPPSIA/crewai-nativeai","swagger","GitLab API","v4","/api/v4/projects/{id}/deploy_keys/{key_id}/enable","POST",2
"COITDEVSOCOEAPPSIA/crewai-nativeai","swagger","GitLab API","v4","/api/v4/projects/{id}/deploy_tokens","GET",4
"COITDEVSOCOEAPPSIA/crewai-nativeai","swagger","GitLab API","v4","/api/v4/projects/{id}/deploy_tokens","POST",2
"COITDEVSOCOEAPPSIA/crewai-nativeai","swagger","GitLab API","v4","/api/v4/projects/{id}/deploy_tokens/{token_id}","GET",2
"COITDEVSOCOEAPPSIA/crewai-nativeai","swagger","GitLab API","v4","/api/v4/projects/{id}/deploy_tokens/{token_id}","DELETE",2
"COITDEVSOCOEAPPSIA/crewai-nativeai","swagger","GitLab API","v4","/api/v4/projects/{id}/deployments","GET",11
"COITDEVSOCOEAPPSIA/crewai-nativeai","swagger","GitLab API","v4","/api/v4/projects/{id}/deployments","POST",2
"COITDEVSOCOEAPPSIA/crewai-nativeai","swagger","GitLab API","v4","/api/v4/projects/{id}/deployments/{deployment_id}","GET",2
"COITDEVSOCOEAPPSIA/crewai-nativeai","swagger","GitLab API","v4","/api/v4/projects/{id}/deployments/{deployment_id}","PUT",3
"COITDEVSOCOEAPPSIA/crewai-nativeai","swagger","GitLab API","v4","/api/v4/projects/{id}/deployments/{deployment_id}","DELETE",2
"COITDEVSOCOEAPPSIA/crewai-nativeai","swagger","GitLab API","v4","/api/v4/projects/{id}/deployments/{deployment_id}/merge_requests","GET",45
"COITDEVSOCOEAPPSIA/crewai-nativeai","swagger","GitLab API","v4","/api/v4/projects/{id}/deployments/{deployment_id}/approval","POST",3
"COITDEVSOCOEAPPSIA/crewai-nativeai","swagger","GitLab API","v4","/api/v4/projects/{id}/merge_requests/{merge_request_iid}/draft_notes","GET",2
"COITDEVSOCOEAPPSIA/crewai-nativeai","swagger","GitLab API","v4","/api/v4/projects/{id}/merge_requests/{merge_request_iid}/draft_notes","POST",3
"COITDEVSOCOEAPPSIA/crewai-nativeai","swagger","GitLab API","v4","/api/v4/projects/{id}/merge_requests/{merge_request_iid}/draft_notes/{draft_note_id}","GET",3
"COITDEVSOCOEAPPSIA/crewai-nativeai","swagger","GitLab API","v4","/api/v4/projects/{id}/merge_requests/{merge_request_iid}/draft_notes/{draft_note_id}","PUT",4
"COITDEVSOCOEAPPSIA/crewai-nativeai","swagger","GitLab API","v4","/api/v4/projects/{id}/merge_requests/{merge_request_iid}/draft_notes/{draft_note_id}","DELETE",3
"COITDEVSOCOEAPPSIA/crewai-nativeai","swagger","GitLab API","v4","/api/v4/projects/{id}/merge_requests/{merge_request_iid}/draft_notes/{draft_note_id}/publish","PUT",3
"COITDEVSOCOEAPPSIA/crewai-nativeai","swagger","GitLab API","v4","/api/v4/projects/{id}/merge_requests/{merge_request_iid}/draft_notes/bulk_publish","POST",2
"COITDEVSOCOEAPPSIA/crewai-nativeai","swagger","GitLab API","v4","/api/v4/projects/{id}/environments","GET",6
"COITDEVSOCOEAPPSIA/crewai-nativeai","swagger","GitLab API","v4","/api/v4/projects/{id}/environments","POST",2
"COITDEVSOCOEAPPSIA/crewai-nativeai","swagger","GitLab API","v4","/api/v4/projects/{id}/environments/{environment_id}","PUT",3
"COITDEVSOCOEAPPSIA/crewai-nativeai","swagger","GitLab API","v4","/api/v4/projects/{id}/environments/{environment_id}","DELETE",2
"COITDEVSOCOEAPPSIA/crewai-nativeai","swagger","GitLab API","v4","/api/v4/projects/{id}/environments/{environment_id}","GET",2
"COITDEVSOCOEAPPSIA/crewai-nativeai","swagger","GitLab API","v4","/api/v4/projects/{id}/environments/review_apps","DELETE",4
"COITDEVSOCOEAPPSIA/crewai-nativeai","swagger","GitLab API","v4","/api/v4/projects/{id}/environments/{environment_id}/stop","POST",3
"COITDEVSOCOEAPPSIA/crewai-nativeai","swagger","GitLab API","v4","/api/v4/projects/{id}/environments/stop_stale","POST",2
"COITDEVSOCOEAPPSIA/crewai-nativeai","swagger","GitLab API","v4","/api/v4/projects/{id}/error_tracking/client_keys","GET",1
"COITDEVSOCOEAPPSIA/crewai-nativeai","swagger","GitLab API","v4","/api/v4/projects/{id}/error_tracking/client_keys","POST",1
"COITDEVSOCOEAPPSIA/crewai-nativeai","swagger","GitLab API","v4","/api/v4/projects/{id}/error_tracking/client_keys/{key_id}","DELETE",2
"COITDEVSOCOEAPPSIA/crewai-nativeai","swagger","GitLab API","v4","/api/v4/projects/{id}/error_tracking/settings","GET",1
"COITDEVSOCOEAPPSIA/crewai-nativeai","swagger","GitLab API","v4","/api/v4/projects/{id}/error_tracking/settings","PATCH",2
"COITDEVSOCOEAPPSIA/crewai-nativeai","swagger","GitLab API","v4","/api/v4/projects/{id}/error_tracking/settings","PUT",2
"COITDEVSOCOEAPPSIA/crewai-nativeai","swagger","GitLab API","v4","/api/v4/projects/{id}/feature_flags","GET",4
"COITDEVSOCOEAPPSIA/crewai-nativeai","swagger","GitLab API","v4","/api/v4/projects/{id}/feature_flags","POST",2
"COITDEVSOCOEAPPSIA/crewai-nativeai","swagger","GitLab API","v4","/api/v4/projects/{id}/feature_flags/{feature_flag_name}","GET",2
"COITDEVSOCOEAPPSIA/crewai-nativeai","swagger","GitLab API","v4","/api/v4/projects/{id}/feature_flags/{feature_flag_name}","PUT",3
"COITDEVSOCOEAPPSIA/crewai-nativeai","swagger","GitLab API","v4","/api/v4/projects/{id}/feature_flags/{feature_flag_name}","DELETE",2
"COITDEVSOCOEAPPSIA/crewai-nativeai","swagger","GitLab API","v4","/api/v4/projects/{id}/feature_flags_user_lists","GET",4
"COITDEVSOCOEAPPSIA/crewai-nativeai","swagger","GitLab API","v4","/api/v4/projects/{id}/feature_flags_user_lists","POST",2
"COITDEVSOCOEAPPSIA/crewai-nativeai","swagger","GitLab API","v4","/api/v4/projects/{id}/feature_flags_user_lists/{iid}","GET",2
"COITDEVSOCOEAPPSIA/crewai-nativeai","swagger","GitLab API","v4","/api/v4/projects/{id}/feature_flags_user_lists/{iid}","PUT",3
"COITDEVSOCOEAPPSIA/crewai-nativeai","swagger","GitLab API","v4","/api/v4/projects/{id}/feature_flags_user_lists/{iid}","DELETE",2
"COITDEVSOCOEAPPSIA/crewai-nativeai","swagger","GitLab API","v4","/api/v4/projects/{id}/repository/files/{file_path}/blame","GET",5
"COITDEVSOCOEAPPSIA/crewai-nativeai","swagger","GitLab API","v4","/api/v4/projects/{id}/repository/files/{file_path}/raw","GET",4
"COITDEVSOCOEAPPSIA/crewai-nativeai","swagger","GitLab API","v4","/api/v4/projects/{id}/repository/files/{file_path}","GET",3
"COITDEVSOCOEAPPSIA/crewai-nativeai","swagger","GitLab API","v4","/api/v4/projects/{id}/repository/files/{file_path}","POST",3
"COITDEVSOCOEAPPSIA/crewai-nativeai","swagger","GitLab API","v4","/api/v4/projects/{id}/repository/files/{file_path}","PUT",3
"COITDEVSOCOEAPPSIA/crewai-nativeai","swagger","GitLab API","v4","/api/v4/projects/{id}/repository/files/{file_path}","DELETE",7
"COITDEVSOCOEAPPSIA/crewai-nativeai","swagger","GitLab API","v4","/api/v4/projects/{id}/freeze_periods","GET",3
"COITDEVSOCOEAPPSIA/crewai-nativeai","swagger","GitLab API","v4","/api/v4/projects/{id}/freeze_periods","POST",2
"COITDEVSOCOEAPPSIA/crewai-nativeai","swagger","GitLab API","v4","/api/v4/projects/{id}/freeze_periods/{freeze_period_id}","GET",2
"COITDEVSOCOEAPPSIA/crewai-nativeai","swagger","GitLab API","v4","/api/v4/projects/{id}/freeze_periods/{freeze_period_id}","PUT",3
"COITDEVSOCOEAPPSIA/crewai-nativeai","swagger","GitLab API","v4","/api/v4/projects/{id}/freeze_periods/{freeze_period_id}","DELETE",2
"COITDEVSOCOEAPPSIA/crewai-nativeai","swagger","GitLab API","v4","/api/v4/projects/{id}/packages/generic/{package_name}/*package_version/(*path/){file_name}/authorize","PUT",4
"COITDEVSOCOEAPPSIA/crewai-nativeai","swagger","GitLab API","v4","/api/v4/projects/{id}/packages/generic/{package_name}/*package_version/(*path/){file_name}","PUT",4
"COITDEVSOCOEAPPSIA/crewai-nativeai","swagger","GitLab API","v4","/api/v4/projects/{id}/packages/generic/{package_name}/*package_version/(*path/){file_name}","GET",5
"COITDEVSOCOEAPPSIA/crewai-nativeai","swagger","GitLab API","v4","/api/v4/projects/{id}/packages/go/*module_name/@v/list","GET",2
"COITDEVSOCOEAPPSIA/crewai-nativeai","swagger","GitLab API","v4","/api/v4/projects/{id}/packages/go/*module_name/@v/{module_version}.info","GET",3
"COITDEVSOCOEAPPSIA/crewai-nativeai","swagger","GitLab API","v4","/api/v4/projects/{id}/packages/go/*module_name/@v/{module_version}.mod","GET",3
"COITDEVSOCOEAPPSIA/crewai-nativeai","swagger","GitLab API","v4","/api/v4/projects/{id}/packages/go/*module_name/@v/{module_version}.zip","GET",3
"COITDEVSOCOEAPPSIA/crewai-nativeai","swagger","GitLab API","v4","/api/v4/projects/{id}/packages/helm/{channel}/index.yaml","GET",2
"COITDEVSOCOEAPPSIA/crewai-nativeai","swagger","GitLab API","v4","/api/v4/projects/{id}/packages/helm/{channel}/charts/{file_name}.tgz","GET",3
"COITDEVSOCOEAPPSIA/crewai-nativeai","swagger","GitLab API","v4","/api/v4/projects/{id}/packages/helm/api/{channel}/charts/authorize","POST",2
"COITDEVSOCOEAPPSIA/crewai-nativeai","swagger","GitLab API","v4","/api/v4/projects/{id}/packages/helm/api/{channel}/charts","POST",3
"COITDEVSOCOEAPPSIA/crewai-nativeai","swagger","GitLab API","v4","/api/v4/projects/{id}/services","GET",1
"COITDEVSOCOEAPPSIA/crewai-nativeai","swagger","GitLab API","v4","/api/v4/projects/{id}/services/apple-app-store","PUT",2
"COITDEVSOCOEAPPSIA/crewai-nativeai","swagger","GitLab API","v4","/api/v4/projects/{id}/services/asana","PUT",2
"COITDEVSOCOEAPPSIA/crewai-nativeai","swagger","GitLab API","v4","/api/v4/projects/{id}/services/assembla","PUT",2
"COITDEVSOCOEAPPSIA/crewai-nativeai","swagger","GitLab API","v4","/api/v4/projects/{id}/services/bamboo","PUT",2
"COITDEVSOCOEAPPSIA/crewai-nativeai","swagger","GitLab API","v4","/api/v4/projects/{id}/services/bugzilla","PUT",2
"COITDEVSOCOEAPPSIA/crewai-nativeai","swagger","GitLab API","v4","/api/v4/projects/{id}/services/buildkite","PUT",2
"COITDEVSOCOEAPPSIA/crewai-nativeai","swagger","GitLab API","v4","/api/v4/projects/{id}/services/campfire","PUT",2
"COITDEVSOCOEAPPSIA/crewai-nativeai","swagger","GitLab API","v4","/api/v4/projects/{id}/services/confluence","PUT",2
"COITDEVSOCOEAPPSIA/crewai-nativeai","swagger","GitLab API","v4","/api/v4/projects/{id}/services/custom-issue-tracker","PUT",2
"COITDEVSOCOEAPPSIA/crewai-nativeai","swagger","GitLab API","v4","/api/v4/projects/{id}/services/datadog","PUT",2
"COITDEVSOCOEAPPSIA/crewai-nativeai","swagger","GitLab API","v4","/api/v4/projects/{id}/services/diffblue-cover","PUT",2
"COITDEVSOCOEAPPSIA/crewai-nativeai","swagger","GitLab API","v4","/api/v4/projects/{id}/services/discord","PUT",2
"COITDEVSOCOEAPPSIA/crewai-nativeai","swagger","GitLab API","v4","/api/v4/projects/{id}/services/drone-ci","PUT",2
"COITDEVSOCOEAPPSIA/crewai-nativeai","swagger","GitLab API","v4","/api/v4/projects/{id}/services/emails-on-push","PUT",2
"COITDEVSOCOEAPPSIA/crewai-nativeai","swagger","GitLab API","v4","/api/v4/projects/{id}/services/external-wiki","PUT",2
"COITDEVSOCOEAPPSIA/crewai-nativeai","swagger","GitLab API","v4","/api/v4/projects/{id}/services/gitlab-slack-application","PUT",2
"COITDEVSOCOEAPPSIA/crewai-nativeai","swagger","GitLab API","v4","/api/v4/projects/{id}/services/google-play","PUT",2
"COITDEVSOCOEAPPSIA/crewai-nativeai","swagger","GitLab API","v4","/api/v4/projects/{id}/services/hangouts-chat","PUT",2
"COITDEVSOCOEAPPSIA/crewai-nativeai","swagger","GitLab API","v4","/api/v4/projects/{id}/services/harbor","PUT",2
"COITDEVSOCOEAPPSIA/crewai-nativeai","swagger","GitLab API","v4","/api/v4/projects/{id}/services/irker","PUT",2
"COITDEVSOCOEAPPSIA/crewai-nativeai","swagger","GitLab API","v4","/api/v4/projects/{id}/services/jenkins","PUT",2
"COITDEVSOCOEAPPSIA/crewai-nativeai","swagger","GitLab API","v4","/api/v4/projects/{id}/services/jira","PUT",2
"COITDEVSOCOEAPPSIA/crewai-nativeai","swagger","GitLab API","v4","/api/v4/projects/{id}/services/jira-cloud-app","PUT",2
"COITDEVSOCOEAPPSIA/crewai-nativeai","swagger","GitLab API","v4","/api/v4/projects/{id}/services/matrix","PUT",2
"COITDEVSOCOEAPPSIA/crewai-nativeai","swagger","GitLab API","v4","/api/v4/projects/{id}/services/mattermost-slash-commands","PUT",2
"COITDEVSOCOEAPPSIA/crewai-nativeai","swagger","GitLab API","v4","/api/v4/projects/{id}/services/slack-slash-commands","PUT",2
"COITDEVSOCOEAPPSIA/crewai-nativeai","swagger","GitLab API","v4","/api/v4/projects/{id}/services/packagist","PUT",2
"COITDEVSOCOEAPPSIA/crewai-nativeai","swagger","GitLab API","v4","/api/v4/projects/{id}/services/phorge","PUT",2
"COITDEVSOCOEAPPSIA/crewai-nativeai","swagger","GitLab API","v4","/api/v4/projects/{id}/services/pipelines-email","PUT",2
"COITDEVSOCOEAPPSIA/crewai-nativeai","swagger","GitLab API","v4","/api/v4/projects/{id}/services/pivotaltracker","PUT",2
"COITDEVSOCOEAPPSIA/crewai-nativeai","swagger","GitLab API","v4","/api/v4/projects/{id}/services/pumble","PUT",2
"COITDEVSOCOEAPPSIA/crewai-nativeai","swagger","GitLab API","v4","/api/v4/projects/{id}/services/pushover","PUT",2
"COITDEVSOCOEAPPSIA/crewai-nativeai","swagger","GitLab API","v4","/api/v4/projects/{id}/services/redmine","PUT",2
"COITDEVSOCOEAPPSIA/crewai-nativeai","swagger","GitLab API","v4","/api/v4/projects/{id}/services/ewm","PUT",2
"COITDEVSOCOEAPPSIA/crewai-nativeai","swagger","GitLab API","v4","/api/v4/projects/{id}/services/youtrack","PUT",2
"COITDEVSOCOEAPPSIA/crewai-nativeai","swagger","GitLab API","v4","/api/v4/projects/{id}/services/clickup","PUT",2
"COITDEVSOCOEAPPSIA/crewai-nativeai","swagger","GitLab API","v4","/api/v4/projects/{id}/services/slack","PUT",2
"COITDEVSOCOEAPPSIA/crewai-nativeai","swagger","GitLab API","v4","/api/v4/projects/{id}/services/microsoft-teams","PUT",2
"COITDEVSOCOEAPPSIA/crewai-nativeai","swagger","GitLab API","v4","/api/v4/projects/{id}/services/mattermost","PUT",2
"COITDEVSOCOEAPPSIA/crewai-nativeai","swagger","GitLab API","v4","/api/v4/projects/{id}/services/teamcity","PUT",2
"COITDEVSOCOEAPPSIA/crewai-nativeai","swagger","GitLab API","v4","/api/v4/projects/{id}/services/telegram","PUT",2
"COITDEVSOCOEAPPSIA/crewai-nativeai","swagger","GitLab API","v4","/api/v4/projects/{id}/services/unify-circuit","PUT",2
"COITDEVSOCOEAPPSIA/crewai-nativeai","swagger","GitLab API","v4","/api/v4/projects/{id}/services/webex-teams","PUT",2
"COITDEVSOCOEAPPSIA/crewai-nativeai","swagger","GitLab API","v4","/api/v4/projects/{id}/services/zentao","PUT",2
"COITDEVSOCOEAPPSIA/crewai-nativeai","swagger","GitLab API","v4","/api/v4/projects/{id}/services/squash-tm","PUT",2
"COITDEVSOCOEAPPSIA/crewai-nativeai","swagger","GitLab API","v4","/api/v4/projects/{id}/services/github","PUT",2
"COITDEVSOCOEAPPSIA/crewai-nativeai","swagger","GitLab API","v4","/api/v4/projects/{id}/services/git-guardian","PUT",2
"COITDEVSOCOEAPPSIA/crewai-nativeai","swagger","GitLab API","v4","/api/v4/projects/{id}/services/google-cloud-platform-artifact-registry","PUT",2
"COITDEVSOCOEAPPSIA/crewai-nativeai","swagger","GitLab API","v4","/api/v4/projects/{id}/services/google-cloud-platform-workload-identity-federation","PUT",2
"COITDEVSOCOEAPPSIA/crewai-nativeai","swagger","GitLab API","v4","/api/v4/projects/{id}/services/mock-ci","PUT",2
"COITDEVSOCOEAPPSIA/crewai-nativeai","swagger","GitLab API","v4","/api/v4/projects/{id}/services/mock-monitoring","PUT",2
"COITDEVSOCOEAPPSIA/crewai-nativeai","swagger","GitLab API","v4","/api/v4/projects/{id}/services/{slug}","DELETE",2
"COITDEVSOCOEAPPSIA/crewai-nativeai","swagger","GitLab API","v4","/api/v4/projects/{id}/services/{slug}","GET",2
"COITDEVSOCOEAPPSIA/crewai-nativeai","swagger","GitLab API","v4","/api/v4/projects/{id}/services/mattermost_slash_commands/trigger","POST",2
"COITDEVSOCOEAPPSIA/crewai-nativeai","swagger","GitLab API","v4","/api/v4/projects/{id}/services/slack_slash_commands/trigger","POST",2
"COITDEVSOCOEAPPSIA/crewai-nativeai","swagger","GitLab API","v4","/api/v4/projects/{id}/integrations","GET",1
"COITDEVSOCOEAPPSIA/crewai-nativeai","swagger","GitLab API","v4","/api/v4/projects/{id}/integrations/apple-app-store","PUT",2
"COITDEVSOCOEAPPSIA/crewai-nativeai","swagger","GitLab API","v4","/api/v4/projects/{id}/integrations/asana","PUT",2
"COITDEVSOCOEAPPSIA/crewai-nativeai","swagger","GitLab API","v4","/api/v4/projects/{id}/integrations/assembla","PUT",2
"COITDEVSOCOEAPPSIA/crewai-nativeai","swagger","GitLab API","v4","/api/v4/projects/{id}/integrations/bamboo","PUT",2
"COITDEVSOCOEAPPSIA/crewai-nativeai","swagger","GitLab API","v4","/api/v4/projects/{id}/integrations/bugzilla","PUT",2
"COITDEVSOCOEAPPSIA/crewai-nativeai","swagger","GitLab API","v4","/api/v4/projects/{id}/integrations/buildkite","PUT",2
"COITDEVSOCOEAPPSIA/crewai-nativeai","swagger","GitLab API","v4","/api/v4/projects/{id}/integrations/campfire","PUT",2
"COITDEVSOCOEAPPSIA/crewai-nativeai","swagger","GitLab API","v4","/api/v4/projects/{id}/integrations/confluence","PUT",2
"COITDEVSOCOEAPPSIA/crewai-nativeai","swagger","GitLab API","v4","/api/v4/projects/{id}/integrations/custom-issue-tracker","PUT",2
"COITDEVSOCOEAPPSIA/crewai-nativeai","swagger","GitLab API","v4","/api/v4/projects/{id}/integrations/datadog","PUT",2
"COITDEVSOCOEAPPSIA/crewai-nativeai","swagger","GitLab API","v4","/api/v4/projects/{id}/integrations/diffblue-cover","PUT",2
"COITDEVSOCOEAPPSIA/crewai-nativeai","swagger","GitLab API","v4","/api/v4/projects/{id}/integrations/discord","PUT",2
"COITDEVSOCOEAPPSIA/crewai-nativeai","swagger","GitLab API","v4","/api/v4/projects/{id}/integrations/drone-ci","PUT",2
"COITDEVSOCOEAPPSIA/crewai-nativeai","swagger","GitLab API","v4","/api/v4/projects/{id}/integrations/emails-on-push","PUT",2
"COITDEVSOCOEAPPSIA/crewai-nativeai","swagger","GitLab API","v4","/api/v4/projects/{id}/integrations/external-wiki","PUT",2
"COITDEVSOCOEAPPSIA/crewai-nativeai","swagger","GitLab API","v4","/api/v4/projects/{id}/integrations/gitlab-slack-application","PUT",2
"COITDEVSOCOEAPPSIA/crewai-nativeai","swagger","GitLab API","v4","/api/v4/projects/{id}/integrations/google-play","PUT",2
"COITDEVSOCOEAPPSIA/crewai-nativeai","swagger","GitLab API","v4","/api/v4/projects/{id}/integrations/hangouts-chat","PUT",2
"COITDEVSOCOEAPPSIA/crewai-nativeai","swagger","GitLab API","v4","/api/v4/projects/{id}/integrations/harbor","PUT",2
"COITDEVSOCOEAPPSIA/crewai-nativeai","swagger","GitLab API","v4","/api/v4/projects/{id}/integrations/irker","PUT",2
"COITDEVSOCOEAPPSIA/crewai-nativeai","swagger","GitLab API","v4","/api/v4/projects/{id}/integrations/jenkins","PUT",2
"COITDEVSOCOEAPPSIA/crewai-nativeai","swagger","GitLab API","v4","/api/v4/projects/{id}/integrations/jira","PUT",2
"COITDEVSOCOEAPPSIA/crewai-nativeai","swagger","GitLab API","v4","/api/v4/projects/{id}/integrations/jira-cloud-app","PUT",2
"COITDEVSOCOEAPPSIA/crewai-nativeai","swagger","GitLab API","v4","/api/v4/projects/{id}/integrations/matrix","PUT",2
"COITDEVSOCOEAPPSIA/crewai-nativeai","swagger","GitLab API","v4","/api/v4/projects/{id}/integrations/mattermost-slash-commands","PUT",2
"COITDEVSOCOEAPPSIA/crewai-nativeai","swagger","GitLab API","v4","/api/v4/projects/{id}/integrations/slack-slash-commands","PUT",2
"COITDEVSOCOEAPPSIA/crewai-nativeai","swagger","GitLab API","v4","/api/v4/projects/{id}/integrations/packagist","PUT",2
"COITDEVSOCOEAPPSIA/crewai-nativeai","swagger","GitLab API","v4","/api/v4/projects/{id}/integrations/phorge","PUT",2
"COITDEVSOCOEAPPSIA/crewai-nativeai","swagger","GitLab API","v4","/api/v4/projects/{id}/integrations/pipelines-email","PUT",2
"COITDEVSOCOEAPPSIA/crewai-nativeai","swagger","GitLab API","v4","/api/v4/projects/{id}/integrations/pivotaltracker","PUT",2
"COITDEVSOCOEAPPSIA/crewai-nativeai","swagger","GitLab API","v4","/api/v4/projects/{id}/integrations/pumble","PUT",2
"COITDEVSOCOEAPPSIA/crewai-nativeai","swagger","GitLab API","v4","/api/v4/projects/{id}/integrations/pushover","PUT",2
"COITDEVSOCOEAPPSIA/crewai-nativeai","swagger","GitLab API","v4","/api/v4/projects/{id}/integrations/redmine","PUT",2
"COITDEVSOCOEAPPSIA/crewai-nativeai","swagger","GitLab API","v4","/api/v4/projects/{id}/integrations/ewm","PUT",2
"COITDEVSOCOEAPPSIA/crewai-nativeai","swagger","GitLab API","v4","/api/v4/projects/{id}/integrations/youtrack","PUT",2
"COITDEVSOCOEAPPSIA/crewai-nativeai","swagger","GitLab API","v4","/api/v4/projects/{id}/integrations/clickup","PUT",2
"COITDEVSOCOEAPPSIA/crewai-nativeai","swagger","GitLab API","v4","/api/v4/projects/{id}/integrations/slack","PUT",2
"COITDEVSOCOEAPPSIA/crewai-nativeai","swagger","GitLab API","v4","/api/v4/projects/{id}/integrations/microsoft-teams","PUT",2
"COITDEVSOCOEAPPSIA/crewai-nativeai","swagger","GitLab API","v4","/api/v4/projects/{id}/integrations/mattermost","PUT",2
"COITDEVSOCOEAPPSIA/crewai-nativeai","swagger","GitLab API","v4","/api/v4/projects/{id}/integrations/teamcity","PUT",2
"COITDEVSOCOEAPPSIA/crewai-nativeai","swagger","GitLab API","v4","/api/v4/projects/{id}/integrations/telegram","PUT",2
"COITDEVSOCOEAPPSIA/crewai-nativeai","swagger","GitLab API","v4","/api/v4/projects/{id}/integrations/unify-circuit","PUT",2
"COITDEVSOCOEAPPSIA/crewai-nativeai","swagger","GitLab API","v4","/api/v4/projects/{id}/integrations/webex-teams","PUT",2
"COITDEVSOCOEAPPSIA/crewai-nativeai","swagger","GitLab API","v4","/api/v4/projects/{id}/integrations/zentao","PUT",2
"COITDEVSOCOEAPPSIA/crewai-nativeai","swagger","GitLab API","v4","/api/v4/projects/{id}/integrations/squash-tm","PUT",2
"COITDEVSOCOEAPPSIA/crewai-nativeai","swagger","GitLab API","v4","/api/v4/projects/{id}/integrations/github","PUT",2
"COITDEVSOCOEAPPSIA/crewai-nativeai","swagger","GitLab API","v4","/api/v4/projects/{id}/integrations/git-guardian","PUT",2
"COITDEVSOCOEAPPSIA/crewai-nativeai","swagger","GitLab API","v4","/api/v4/projects/{id}/integrations/google-cloud-platform-artifact-registry","PUT",2
"COITDEVSOCOEAPPSIA/crewai-nativeai","swagger","GitLab API","v4","/api/v4/projects/{id}/integrations/google-cloud-platform-workload-identity-federation","PUT",2
"COITDEVSOCOEAPPSIA/crewai-nativeai","swagger","GitLab API","v4","/api/v4/projects/{id}/integrations/mock-ci","PUT",2
"COITDEVSOCOEAPPSIA/crewai-nativeai","swagger","GitLab API","v4","/api/v4/projects/{id}/integrations/mock-monitoring","PUT",2
"COITDEVSOCOEAPPSIA/crewai-nativeai","swagger","GitLab API","v4","/api/v4/projects/{id}/integrations/{slug}","DELETE",2
"COITDEVSOCOEAPPSIA/crewai-nativeai","swagger","GitLab API","v4","/api/v4/projects/{id}/integrations/{slug}","GET",2
"COITDEVSOCOEAPPSIA/crewai-nativeai","swagger","GitLab API","v4","/api/v4/projects/{id}/integrations/mattermost_slash_commands/trigger","POST",2
"COITDEVSOCOEAPPSIA/crewai-nativeai","swagger","GitLab API","v4","/api/v4/projects/{id}/integrations/slack_slash_commands/trigger","POST",2
"COITDEVSOCOEAPPSIA/crewai-nativeai","swagger","GitLab API","v4","/api/v4/projects/{id}/invitations","POST",2
"COITDEVSOCOEAPPSIA/crewai-nativeai","swagger","GitLab API","v4","/api/v4/projects/{id}/invitations","GET",4
"COITDEVSOCOEAPPSIA/crewai-nativeai","swagger","GitLab API","v4","/api/v4/projects/{id}/invitations/{email}","PUT",3
"COITDEVSOCOEAPPSIA/crewai-nativeai","swagger","GitLab API","v4","/api/v4/projects/{id}/invitations/{email}","DELETE",2
"COITDEVSOCOEAPPSIA/crewai-nativeai","swagger","GitLab API","v4","/api/v4/projects/{id}/issues/{issue_iid}/links","GET",2
"COITDEVSOCOEAPPSIA/crewai-nativeai","swagger","GitLab API","v4","/api/v4/projects/{id}/issues/{issue_iid}/links","POST",3
"COITDEVSOCOEAPPSIA/crewai-nativeai","swagger","GitLab API","v4","/api/v4/projects/{id}/issues/{issue_iid}/links/{issue_link_id}","GET",3
"COITDEVSOCOEAPPSIA/crewai-nativeai","swagger","GitLab API","v4","/api/v4/projects/{id}/issues/{issue_iid}/links/{issue_link_id}","DELETE",3
"COITDEVSOCOEAPPSIA/crewai-nativeai","swagger","GitLab API","v4","/api/v4/projects/{id}/ci/lint","GET",7
"COITDEVSOCOEAPPSIA/crewai-nativeai","swagger","GitLab API","v4","/api/v4/projects/{id}/ci/lint","POST",2
"COITDEVSOCOEAPPSIA/crewai-nativeai","swagger","GitLab API","v4","/api/v4/projects/{id}/uploads/authorize","POST",1
"COITDEVSOCOEAPPSIA/crewai-nativeai","swagger","GitLab API","v4","/api/v4/projects/{id}/uploads","POST",2
"COITDEVSOCOEAPPSIA/crewai-nativeai","swagger","GitLab API","v4","/api/v4/projects/{id}/uploads","GET",3
"COITDEVSOCOEAPPSIA/crewai-nativeai","swagger","GitLab API","v4","/api/v4/projects/{id}/uploads/{upload_id}","GET",2
"COITDEVSOCOEAPPSIA/crewai-nativeai","swagger","GitLab API","v4","/api/v4/projects/{id}/uploads/{upload_id}","DELETE",2
"COITDEVSOCOEAPPSIA/crewai-nativeai","swagger","GitLab API","v4","/api/v4/projects/{id}/uploads/{secret}/{filename}","GET",3
"COITDEVSOCOEAPPSIA/crewai-nativeai","swagger","GitLab API","v4","/api/v4/projects/{id}/uploads/{secret}/{filename}","DELETE",3
"COITDEVSOCOEAPPSIA/crewai-nativeai","swagger","GitLab API","v4","/api/v4/projects/{id}/packages/maven/*path/{file_name}","GET",3
"COITDEVSOCOEAPPSIA/crewai-nativeai","swagger","GitLab API","v4","/api/v4/projects/{id}/packages/maven/*path/{file_name}","PUT",3
"COITDEVSOCOEAPPSIA/crewai-nativeai","swagger","GitLab API","v4","/api/v4/projects/{id}/packages/maven/*path/{file_name}/authorize","PUT",3
"COITDEVSOCOEAPPSIA/crewai-nativeai","swagger","GitLab API","v4","/api/v4/projects/{id}/members","GET",8
"COITDEVSOCOEAPPSIA/crewai-nativeai","swagger","GitLab API","v4","/api/v4/projects/{id}/members","POST",2
"COITDEVSOCOEAPPSIA/crewai-nativeai","swagger","GitLab API","v4","/api/v4/projects/{id}/members/all","GET",7
"COITDEVSOCOEAPPSIA/crewai-nativeai","swagger","GitLab API","v4","/api/v4/projects/{id}/members/{user_id}","GET",2
"COITDEVSOCOEAPPSIA/crewai-nativeai","swagger","GitLab API","v4","/api/v4/projects/{id}/members/{user_id}","PUT",3
"COITDEVSOCOEAPPSIA/crewai-nativeai","swagger","GitLab API","v4","/api/v4/projects/{id}/members/{user_id}","DELETE",4
"COITDEVSOCOEAPPSIA/crewai-nativeai","swagger","GitLab API","v4","/api/v4/projects/{id}/members/all/{user_id}","GET",2
"COITDEVSOCOEAPPSIA/crewai-nativeai","swagger","GitLab API","v4","/api/v4/projects/{id}/merge_requests/{merge_request_iid}/approvals","GET",2
"COITDEVSOCOEAPPSIA/crewai-nativeai","swagger","GitLab API","v4","/api/v4/projects/{id}/merge_requests/{merge_request_iid}/approvals","POST",3
"COITDEVSOCOEAPPSIA/crewai-nativeai","swagger","GitLab API","v4","/api/v4/projects/{id}/merge_requests/{merge_request_iid}/approve","POST",3
"COITDEVSOCOEAPPSIA/crewai-nativeai","swagger","GitLab API","v4","/api/v4/projects/{id}/merge_requests/{merge_request_iid}/unapprove","POST",2
"COITDEVSOCOEAPPSIA/crewai-nativeai","swagger","GitLab API","v4","/api/v4/projects/{id}/merge_requests/{merge_request_iid}/reset_approvals","PUT",2
"COITDEVSOCOEAPPSIA/crewai-nativeai","swagger","GitLab API","v4","/api/v4/projects/{id}/merge_requests/{merge_request_iid}/approval_state","GET",2
"COITDEVSOCOEAPPSIA/crewai-nativeai","swagger","GitLab API","v4","/api/v4/projects/{id}/create_ci_config","POST",1
"COITDEVSOCOEAPPSIA/crewai-nativeai","swagger","GitLab API","v4","/api/v4/projects/{id}/merge_requests/{merge_request_iid}/time_estimate","POST",3
"COITDEVSOCOEAPPSIA/crewai-nativeai","swagger","GitLab API","v4","/api/v4/projects/{id}/merge_requests/{merge_request_iid}/reset_time_estimate","POST",2
"COITDEVSOCOEAPPSIA/crewai-nativeai","swagger","GitLab API","v4","/api/v4/projects/{id}/merge_requests/{merge_request_iid}/add_spent_time","POST",3
"COITDEVSOCOEAPPSIA/crewai-nativeai","swagger","GitLab API","v4","/api/v4/projects/{id}/merge_requests/{merge_request_iid}/reset_spent_time","POST",2
"COITDEVSOCOEAPPSIA/crewai-nativeai","swagger","GitLab API","v4","/api/v4/projects/{id}/merge_requests/{merge_request_iid}/time_stats","GET",2
"COITDEVSOCOEAPPSIA/crewai-nativeai","swagger","GitLab API","v4","/api/v4/projects/{id}/merge_requests","GET",48
"COITDEVSOCOEAPPSIA/crewai-nativeai","swagger","GitLab API","v4","/api/v4/projects/{id}/merge_requests","POST",2
"COITDEVSOCOEAPPSIA/crewai-nativeai","swagger","GitLab API","v4","/api/v4/projects/{id}/merge_requests/{merge_request_iid}","DELETE",2
"COITDEVSOCOEAPPSIA/crewai-nativeai","swagger","GitLab API","v4","/api/v4/projects/{id}/merge_requests/{merge_request_iid}","GET",5
"COITDEVSOCOEAPPSIA/crewai-nativeai","swagger","GitLab API","v4","/api/v4/projects/{id}/merge_requests/{merge_request_iid}","PUT",3
"COITDEVSOCOEAPPSIA/crewai-nativeai","swagger","GitLab API","v4","/api/v4/projects/{id}/merge_requests/{merge_request_iid}/participants","GET",2
"COITDEVSOCOEAPPSIA/crewai-nativeai","swagger","GitLab API","v4","/api/v4/projects/{id}/merge_requests/{merge_request_iid}/reviewers","GET",2
"COITDEVSOCOEAPPSIA/crewai-nativeai","swagger","GitLab API","v4","/api/v4/projects/{id}/merge_requests/{merge_request_iid}/commits","GET",4
"COITDEVSOCOEAPPSIA/crewai-nativeai","swagger","GitLab API","v4","/api/v4/projects/{id}/merge_requests/{merge_request_iid}/context_commits","GET",2
"COITDEVSOCOEAPPSIA/crewai-nativeai","swagger","GitLab API","v4","/api/v4/projects/{id}/merge_requests/{merge_request_iid}/context_commits","POST",3
"COITDEVSOCOEAPPSIA/crewai-nativeai","swagger","GitLab API","v4","/api/v4/projects/{id}/merge_requests/{merge_request_iid}/context_commits","DELETE",3
"COITDEVSOCOEAPPSIA/crewai-nativeai","swagger","GitLab API","v4","/api/v4/projects/{id}/merge_requests/{merge_request_iid}/changes","GET",3
"COITDEVSOCOEAPPSIA/crewai-nativeai","swagger","GitLab API","v4","/api/v4/projects/{id}/merge_requests/{merge_request_iid}/diffs","GET",5
"COITDEVSOCOEAPPSIA/crewai-nativeai","swagger","GitLab API","v4","/api/v4/projects/{id}/merge_requests/{merge_request_iid}/raw_diffs","GET",2
"COITDEVSOCOEAPPSIA/crewai-nativeai","swagger","GitLab API","v4","/api/v4/projects/{id}/merge_requests/{merge_request_iid}/pipelines","GET",2
"COITDEVSOCOEAPPSIA/crewai-nativeai","swagger","GitLab API","v4","/api/v4/projects/{id}/merge_requests/{merge_request_iid}/pipelines","POST",3
"COITDEVSOCOEAPPSIA/crewai-nativeai","swagger","GitLab API","v4","/api/v4/projects/{id}/merge_requests/{merge_request_iid}/merge","PUT",3
"COITDEVSOCOEAPPSIA/crewai-nativeai","swagger","GitLab API","v4","/api/v4/projects/{id}/merge_requests/{merge_request_iid}/merge_ref","GET",2
"COITDEVSOCOEAPPSIA/crewai-nativeai","swagger","GitLab API","v4","/api/v4/projects/{id}/merge_requests/{merge_request_iid}/cancel_merge_when_pipeline_succeeds","POST",2
"COITDEVSOCOEAPPSIA/crewai-nativeai","swagger","GitLab API","v4","/api/v4/projects/{id}/merge_requests/{merge_request_iid}/rebase","PUT",3
"COITDEVSOCOEAPPSIA/crewai-nativeai","swagger","GitLab API","v4","/api/v4/projects/{id}/merge_requests/{merge_request_iid}/closes_issues","GET",4
"COITDEVSOCOEAPPSIA/crewai-nativeai","swagger","GitLab API","v4","/api/v4/projects/{id}/merge_requests/{merge_request_iid}/related_issues","GET",4
"COITDEVSOCOEAPPSIA/crewai-nativeai","swagger","GitLab API","v4","/api/v4/projects/{id}/merge_requests/{merge_request_iid}/versions","GET",4
"COITDEVSOCOEAPPSIA/crewai-nativeai","swagger","GitLab API","v4","/api/v4/projects/{id}/merge_requests/{merge_request_iid}/versions/{version_id}","GET",4
"COITDEVSOCOEAPPSIA/crewai-nativeai","swagger","GitLab API","v4","/api/v4/projects/{id}/packages/ml_models/{model_version_id}/files/(*path/){file_name}/authorize","PUT",4
"COITDEVSOCOEAPPSIA/crewai-nativeai","swagger","GitLab API","v4","/api/v4/projects/{id}/packages/ml_models/{model_version_id}/files/(*path/){file_name}","PUT",4
"COITDEVSOCOEAPPSIA/crewai-nativeai","swagger","GitLab API","v4","/api/v4/projects/{id}/packages/ml_models/{model_version_id}/files/(*path/){file_name}","GET",5
"COITDEVSOCOEAPPSIA/crewai-nativeai","swagger","GitLab API","v4","/api/v4/projects/{id}/packages/npm/-/package/*package_name/dist-tags","GET",2
"COITDEVSOCOEAPPSIA/crewai-nativeai","swagger","GitLab API","v4","/api/v4/projects/{id}/packages/npm/-/package/*package_name/dist-tags/{tag}","PUT",3
"COITDEVSOCOEAPPSIA/crewai-nativeai","swagger","GitLab API","v4","/api/v4/projects/{id}/packages/npm/-/package/*package_name/dist-tags/{tag}","DELETE",3
"COITDEVSOCOEAPPSIA/crewai-nativeai","swagger","GitLab API","v4","/api/v4/projects/{id}/packages/npm/-/npm/v1/security/advisories/bulk","POST",1
"COITDEVSOCOEAPPSIA/crewai-nativeai","swagger","GitLab API","v4","/api/v4/projects/{id}/packages/npm/-/npm/v1/security/audits/quick","POST",1
"COITDEVSOCOEAPPSIA/crewai-nativeai","swagger","GitLab API","v4","/api/v4/projects/{id}/packages/npm/*package_name/-/*file_name","GET",3
"COITDEVSOCOEAPPSIA/crewai-nativeai","swagger","GitLab API","v4","/api/v4/projects/{id}/packages/npm/{package_name}","PUT",3
"COITDEVSOCOEAPPSIA/crewai-nativeai","swagger","GitLab API","v4","/api/v4/projects/{id}/packages/npm/*package_name","GET",2
"COITDEVSOCOEAPPSIA/crewai-nativeai","swagger","GitLab API","v4","/api/v4/projects/{id}/packages/nuget/index","GET",1
"COITDEVSOCOEAPPSIA/crewai-nativeai","swagger","GitLab API","v4","/api/v4/projects/{id}/packages/nuget/symbolfiles/*file_name/*signature/*same_file_name","GET",5
"COITDEVSOCOEAPPSIA/crewai-nativeai","swagger","GitLab API","v4","/api/v4/projects/{id}/packages/nuget/v2","GET",1
"COITDEVSOCOEAPPSIA/crewai-nativeai","swagger","GitLab API","v4","/api/v4/projects/{id}/packages/nuget/v2","PUT",2
"COITDEVSOCOEAPPSIA/crewai-nativeai","swagger","GitLab API","v4","/api/v4/projects/{id}/packages/nuget/v2/$metadata","GET",1
"COITDEVSOCOEAPPSIA/crewai-nativeai","swagger","GitLab API","v4","/api/v4/projects/{id}/packages/nuget/metadata/*package_name/index","GET",2
"COITDEVSOCOEAPPSIA/crewai-nativeai","swagger","GitLab API","v4","/api/v4/projects/{id}/packages/nuget/metadata/*package_name/*package_version","GET",3
"COITDEVSOCOEAPPSIA/crewai-nativeai","swagger","GitLab API","v4","/api/v4/projects/{id}/packages/nuget/query","GET",5
"COITDEVSOCOEAPPSIA/crewai-nativeai","swagger","GitLab API","v4","/api/v4/projects/{id}/packages/nuget/download/*package_name/index","GET",2
"COITDEVSOCOEAPPSIA/crewai-nativeai","swagger","GitLab API","v4","/api/v4/projects/{id}/packages/nuget/download/*package_name/*package_version/*package_filename","GET",4
"COITDEVSOCOEAPPSIA/crewai-nativeai","swagger","GitLab API","v4","/api/v4/projects/{id}/packages/nuget","PUT",2
"COITDEVSOCOEAPPSIA/crewai-nativeai","swagger","GitLab API","v4","/api/v4/projects/{id}/packages/nuget/authorize","PUT",1
"COITDEVSOCOEAPPSIA/crewai-nativeai","swagger","GitLab API","v4","/api/v4/projects/{id}/packages/nuget/symbolpackage","PUT",2
"COITDEVSOCOEAPPSIA/crewai-nativeai","swagger","GitLab API","v4","/api/v4/projects/{id}/packages/nuget/symbolpackage/authorize","PUT",1
"COITDEVSOCOEAPPSIA/crewai-nativeai","swagger","GitLab API","v4","/api/v4/projects/{id}/packages/nuget/*package_name/*package_version","DELETE",3
"COITDEVSOCOEAPPSIA/crewai-nativeai","swagger","GitLab API","v4","/api/v4/projects/{id}/packages/nuget/v2/authorize","PUT",1
"COITDEVSOCOEAPPSIA/crewai-nativeai","swagger","GitLab API","v4","/api/v4/projects/{project_id}/packages/nuget/v2/FindPackagesById\(\)","GET",2
"COITDEVSOCOEAPPSIA/crewai-nativeai","swagger","GitLab API","v4","/api/v4/projects/{project_id}/packages/nuget/v2/Packages\(\)","GET",2
"COITDEVSOCOEAPPSIA/crewai-nativeai","swagger","GitLab API","v4","/api/v4/projects/{project_id}/packages/nuget/v2/Packages\(Id='*package_name',Version='*package_version'\)","GET",3
"COITDEVSOCOEAPPSIA/crewai-nativeai","swagger","GitLab API","v4","/api/v4/projects/{id}/packages/{package_id}/package_files","GET",6
"COITDEVSOCOEAPPSIA/crewai-nativeai","swagger","GitLab API","v4","/api/v4/projects/{id}/packages/{package_id}/package_files/{package_file_id}","DELETE",3
"COITDEVSOCOEAPPSIA/crewai-nativeai","swagger","GitLab API","v4","/api/v4/projects/{id}/pages","DELETE",1
"COITDEVSOCOEAPPSIA/crewai-nativeai","swagger","GitLab API","v4","/api/v4/projects/{id}/pages","PATCH",2
"COITDEVSOCOEAPPSIA/crewai-nativeai","swagger","GitLab API","v4","/api/v4/projects/{id}/pages","GET",1
"COITDEVSOCOEAPPSIA/crewai-nativeai","swagger","GitLab API","v4","/api/v4/projects/{id}/pages/domains","GET",3
"COITDEVSOCOEAPPSIA/crewai-nativeai","swagger","GitLab API","v4","/api/v4/projects/{id}/pages/domains","POST",2
"COITDEVSOCOEAPPSIA/crewai-nativeai","swagger","GitLab API","v4","/api/v4/projects/{id}/pages/domains/{domain}","GET",2
"COITDEVSOCOEAPPSIA/crewai-nativeai","swagger","GitLab API","v4","/api/v4/projects/{id}/pages/domains/{domain}","PUT",3
"COITDEVSOCOEAPPSIA/crewai-nativeai","swagger","GitLab API","v4","/api/v4/projects/{id}/pages/domains/{domain}","DELETE",2
"COITDEVSOCOEAPPSIA/crewai-nativeai","swagger","GitLab API","v4","/api/v4/projects/{id}/pages/domains/{domain}/verify","PUT",2
"COITDEVSOCOEAPPSIA/crewai-nativeai","swagger","GitLab API","v4","/api/v4/projects/{id}/avatar","GET",1
"COITDEVSOCOEAPPSIA/crewai-nativeai","swagger","GitLab API","v4","/api/v4/projects/{id}/clusters","GET",3
"COITDEVSOCOEAPPSIA/crewai-nativeai","swagger","GitLab API","v4","/api/v4/projects/{id}/clusters/{cluster_id}","GET",2
"COITDEVSOCOEAPPSIA/crewai-nativeai","swagger","GitLab API","v4","/api/v4/projects/{id}/clusters/{cluster_id}","PUT",3
"COITDEVSOCOEAPPSIA/crewai-nativeai","swagger","GitLab API","v4","/api/v4/projects/{id}/clusters/{cluster_id}","DELETE",2
"COITDEVSOCOEAPPSIA/crewai-nativeai","swagger","GitLab API","v4","/api/v4/projects/{id}/clusters/user","POST",2
"COITDEVSOCOEAPPSIA/crewai-nativeai","swagger","GitLab API","v4","/api/v4/projects/{id}/registry/repositories","GET",5
"COITDEVSOCOEAPPSIA/crewai-nativeai","swagger","GitLab API","v4","/api/v4/projects/{id}/registry/repositories/{repository_id}","DELETE",2
"COITDEVSOCOEAPPSIA/crewai-nativeai","swagger","GitLab API","v4","/api/v4/projects/{id}/registry/repositories/{repository_id}/tags","GET",4
"COITDEVSOCOEAPPSIA/crewai-nativeai","swagger","GitLab API","v4","/api/v4/projects/{id}/registry/repositories/{repository_id}/tags","DELETE",7
"COITDEVSOCOEAPPSIA/crewai-nativeai","swagger","GitLab API","v4","/api/v4/projects/{id}/registry/repositories/{repository_id}/tags/{tag_name}","GET",3
"COITDEVSOCOEAPPSIA/crewai-nativeai","swagger","GitLab API","v4","/api/v4/projects/{id}/registry/repositories/{repository_id}/tags/{tag_name}","DELETE",3
"COITDEVSOCOEAPPSIA/crewai-nativeai","swagger","GitLab API","v4","/api/v4/projects/{id}/registry/protection/repository/rules","GET",1
"COITDEVSOCOEAPPSIA/crewai-nativeai","swagger","GitLab API","v4","/api/v4/projects/{id}/registry/protection/repository/rules","POST",2
"COITDEVSOCOEAPPSIA/crewai-nativeai","swagger","GitLab API","v4","/api/v4/projects/{id}/registry/protection/repository/rules/{protection_rule_id}","PATCH",3
"COITDEVSOCOEAPPSIA/crewai-nativeai","swagger","GitLab API","v4","/api/v4/projects/{id}/registry/protection/repository/rules/{protection_rule_id}","DELETE",2
"COITDEVSOCOEAPPSIA/crewai-nativeai","swagger","GitLab API","v4","/api/v4/projects/{id}/debian_distributions","POST",2
"COITDEVSOCOEAPPSIA/crewai-nativeai","swagger","GitLab API","v4","/api/v4/projects/{id}/debian_distributions","GET",12
"COITDEVSOCOEAPPSIA/crewai-nativeai","swagger","GitLab API","v4","/api/v4/projects/{id}/debian_distributions/{codename}","GET",2
"COITDEVSOCOEAPPSIA/crewai-nativeai","swagger","GitLab API","v4","/api/v4/projects/{id}/debian_distributions/{codename}","PUT",3
"COITDEVSOCOEAPPSIA/crewai-nativeai","swagger","GitLab API","v4","/api/v4/projects/{id}/debian_distributions/{codename}","DELETE",10
"COITDEVSOCOEAPPSIA/crewai-nativeai","swagger","GitLab API","v4","/api/v4/projects/{id}/debian_distributions/{codename}/key.asc","GET",2
"COITDEVSOCOEAPPSIA/crewai-nativeai","swagger","GitLab API","v4","/api/v4/projects/{id}/events","GET",8
"COITDEVSOCOEAPPSIA/crewai-nativeai","swagger","GitLab API","v4","/api/v4/projects/{id}/export","GET",1
"COITDEVSOCOEAPPSIA/crewai-nativeai","swagger","GitLab API","v4","/api/v4/projects/{id}/export","POST",2
"COITDEVSOCOEAPPSIA/crewai-nativeai","swagger","GitLab API","v4","/api/v4/projects/{id}/export/download","GET",1
"COITDEVSOCOEAPPSIA/crewai-nativeai","swagger","GitLab API","v4","/api/v4/projects/{id}/export_relations","POST",2
"COITDEVSOCOEAPPSIA/crewai-nativeai","swagger","GitLab API","v4","/api/v4/projects/{id}/export_relations/download","GET",4
"COITDEVSOCOEAPPSIA/crewai-nativeai","swagger","GitLab API","v4","/api/v4/projects/{id}/export_relations/status","GET",2
"COITDEVSOCOEAPPSIA/crewai-nativeai","swagger","GitLab API","v4","/api/v4/projects/{id}/hooks/{hook_id}/url_variables/{key}","PUT",4
"COITDEVSOCOEAPPSIA/crewai-nativeai","swagger","GitLab API","v4","/api/v4/projects/{id}/hooks/{hook_id}/url_variables/{key}","DELETE",3
"COITDEVSOCOEAPPSIA/crewai-nativeai","swagger","GitLab API","v4","/api/v4/projects/{id}/hooks/{hook_id}/custom_headers/{key}","PUT",4
"COITDEVSOCOEAPPSIA/crewai-nativeai","swagger","GitLab API","v4","/api/v4/projects/{id}/hooks/{hook_id}/custom_headers/{key}","DELETE",3
"COITDEVSOCOEAPPSIA/crewai-nativeai","swagger","GitLab API","v4","/api/v4/projects/{id}/hooks","GET",3
"COITDEVSOCOEAPPSIA/crewai-nativeai","swagger","GitLab API","v4","/api/v4/projects/{id}/hooks","POST",2
"COITDEVSOCOEAPPSIA/crewai-nativeai","swagger","GitLab API","v4","/api/v4/projects/{id}/hooks/{hook_id}","GET",2
"COITDEVSOCOEAPPSIA/crewai-nativeai","swagger","GitLab API","v4","/api/v4/projects/{id}/hooks/{hook_id}","PUT",3
"COITDEVSOCOEAPPSIA/crewai-nativeai","swagger","GitLab API","v4","/api/v4/projects/{id}/hooks/{hook_id}","DELETE",2
"COITDEVSOCOEAPPSIA/crewai-nativeai","swagger","GitLab API","v4","/api/v4/projects/{id}/hooks/{hook_id}/events","GET",5
"COITDEVSOCOEAPPSIA/crewai-nativeai","swagger","GitLab API","v4","/api/v4/projects/{id}/hooks/{hook_id}/test/{trigger}","POST",3
"COITDEVSOCOEAPPSIA/crewai-nativeai","swagger","GitLab API","v4","/api/v4/projects/{id}/hooks/{hook_id}/events/{hook_log_id}/resend","POST",3
"COITDEVSOCOEAPPSIA/crewai-nativeai","swagger","GitLab API","v4","/api/v4/projects/import/authorize","POST",0
"COITDEVSOCOEAPPSIA/crewai-nativeai","swagger","GitLab API","v4","/api/v4/projects/import","POST",96
"COITDEVSOCOEAPPSIA/crewai-nativeai","swagger","GitLab API","v4","/api/v4/projects/{id}/import","GET",1
"COITDEVSOCOEAPPSIA/crewai-nativeai","swagger","GitLab API","v4","/api/v4/projects/remote-import","POST",86
"COITDEVSOCOEAPPSIA/crewai-nativeai","swagger","GitLab API","v4","/api/v4/projects/import-relation/authorize","POST",0
"COITDEVSOCOEAPPSIA/crewai-nativeai","swagger","GitLab API","v4","/api/v4/projects/import-relation","POST",13
"COITDEVSOCOEAPPSIA/crewai-nativeai","swagger","GitLab API","v4","/api/v4/projects/{id}/relation-imports","GET",1
"COITDEVSOCOEAPPSIA/crewai-nativeai","swagger","GitLab API","v4","/api/v4/projects/remote-import-s3","POST",90
"COITDEVSOCOEAPPSIA/crewai-nativeai","swagger","GitLab API","v4","/api/v4/projects/{id}/job_token_scope","GET",1
"COITDEVSOCOEAPPSIA/crewai-nativeai","swagger","GitLab API","v4","/api/v4/projects/{id}/job_token_scope","PATCH",2
"COITDEVSOCOEAPPSIA/crewai-nativeai","swagger","GitLab API","v4","/api/v4/projects/{id}/job_token_scope/allowlist","GET",3
"COITDEVSOCOEAPPSIA/crewai-nativeai","swagger","GitLab API","v4","/api/v4/projects/{id}/job_token_scope/allowlist","POST",2
"COITDEVSOCOEAPPSIA/crewai-nativeai","swagger","GitLab API","v4","/api/v4/projects/{id}/job_token_scope/groups_allowlist","GET",3
"COITDEVSOCOEAPPSIA/crewai-nativeai","swagger","GitLab API","v4","/api/v4/projects/{id}/job_token_scope/groups_allowlist","POST",2
"COITDEVSOCOEAPPSIA/crewai-nativeai","swagger","GitLab API","v4","/api/v4/projects/{id}/job_token_scope/groups_allowlist/{target_group_id}","DELETE",2
"COITDEVSOCOEAPPSIA/crewai-nativeai","swagger","GitLab API","v4","/api/v4/projects/{id}/job_token_scope/allowlist/{target_project_id}","DELETE",2
"COITDEVSOCOEAPPSIA/crewai-nativeai","swagger","GitLab API","v4","/api/v4/projects/{id}/packages","GET",10
"COITDEVSOCOEAPPSIA/crewai-nativeai","swagger","GitLab API","v4","/api/v4/projects/{id}/packages/{package_id}","GET",2
"COITDEVSOCOEAPPSIA/crewai-nativeai","swagger","GitLab API","v4","/api/v4/projects/{id}/packages/{package_id}","DELETE",2
"COITDEVSOCOEAPPSIA/crewai-nativeai","swagger","GitLab API","v4","/api/v4/projects/{id}/packages/{package_id}/pipelines","GET",5
"COITDEVSOCOEAPPSIA/crewai-nativeai","swagger","GitLab API","v4","/api/v4/projects/{id}/packages/protection/rules","GET",1
"COITDEVSOCOEAPPSIA/crewai-nativeai","swagger","GitLab API","v4","/api/v4/projects/{id}/packages/protection/rules","POST",2
"COITDEVSOCOEAPPSIA/crewai-nativeai","swagger","GitLab API","v4","/api/v4/projects/{id}/packages/protection/rules/{package_protection_rule_id}","PATCH",3
"COITDEVSOCOEAPPSIA/crewai-nativeai","swagger","GitLab API","v4","/api/v4/projects/{id}/packages/protection/rules/{package_protection_rule_id}","DELETE",2
"COITDEVSOCOEAPPSIA/crewai-nativeai","swagger","GitLab API","v4","/api/v4/projects/{id}/snapshot","GET",2
"COITDEVSOCOEAPPSIA/crewai-nativeai","swagger","GitLab API","v4","/api/v4/projects/{id}/snippets","GET",3
"COITDEVSOCOEAPPSIA/crewai-nativeai","swagger","GitLab API","v4","/api/v4/projects/{id}/snippets","POST",2
"COITDEVSOCOEAPPSIA/crewai-nativeai","swagger","GitLab API","v4","/api/v4/projects/{id}/snippets/{snippet_id}","GET",2
"COITDEVSOCOEAPPSIA/crewai-nativeai","swagger","GitLab API","v4","/api/v4/projects/{id}/snippets/{snippet_id}","PUT",3
"COITDEVSOCOEAPPSIA/crewai-nativeai","swagger","GitLab API","v4","/api/v4/projects/{id}/snippets/{snippet_id}","DELETE",2
"COITDEVSOCOEAPPSIA/crewai-nativeai","swagger","GitLab API","v4","/api/v4/projects/{id}/snippets/{snippet_id}/raw","GET",2
"COITDEVSOCOEAPPSIA/crewai-nativeai","swagger","GitLab API","v4","/api/v4/projects/{id}/snippets/{snippet_id}/files/{ref}/{file_path}/raw","GET",4
"COITDEVSOCOEAPPSIA/crewai-nativeai","swagger","GitLab API","v4","/api/v4/projects/{id}/snippets/{snippet_id}/user_agent_detail","GET",2
"COITDEVSOCOEAPPSIA/crewai-nativeai","swagger","GitLab API","v4","/api/v4/projects/{id}/statistics","GET",1
"COITDEVSOCOEAPPSIA/crewai-nativeai","swagger","GitLab API","v4","/api/v4/projects/{id}/templates/{type}","GET",4
"COITDEVSOCOEAPPSIA/crewai-nativeai","swagger","GitLab API","v4","/api/v4/projects/{id}/templates/{type}/{name}","GET",6
"COITDEVSOCOEAPPSIA/crewai-nativeai","swagger","GitLab API","v4","/api/v4/projects/{id}/custom_attributes","GET",1
"COITDEVSOCOEAPPSIA/crewai-nativeai","swagger","GitLab API","v4","/api/v4/projects/{id}/custom_attributes/{key}","GET",2
"COITDEVSOCOEAPPSIA/crewai-nativeai","swagger","GitLab API","v4","/api/v4/projects/{id}/custom_attributes/{key}","PUT",3
"COITDEVSOCOEAPPSIA/crewai-nativeai","swagger","GitLab API","v4","/api/v4/projects/{id}/custom_attributes/{key}","DELETE",2
"COITDEVSOCOEAPPSIA/crewai-nativeai","swagger","GitLab API","v4","/api/v4/projects/{id}/restore","POST",1
"COITDEVSOCOEAPPSIA/crewai-nativeai","swagger","GitLab API","v4","/api/v4/projects","GET",34
"COITDEVSOCOEAPPSIA/crewai-nativeai","swagger","GitLab API","v4","/api/v4/projects","POST",1
"COITDEVSOCOEAPPSIA/crewai-nativeai","swagger","GitLab API","v4","/api/v4/projects/user/{user_id}","POST",2
"COITDEVSOCOEAPPSIA/crewai-nativeai","swagger","GitLab API","v4","/api/v4/projects/{id}/share_locations","GET",2
"COITDEVSOCOEAPPSIA/crewai-nativeai","swagger","GitLab API","v4","/api/v4/projects/{id}","GET",4
"COITDEVSOCOEAPPSIA/crewai-nativeai","swagger","GitLab API","v4","/api/v4/projects/{id}","PUT",2
"COITDEVSOCOEAPPSIA/crewai-nativeai","swagger","GitLab API","v4","/api/v4/projects/{id}","DELETE",1
"COITDEVSOCOEAPPSIA/crewai-nativeai","swagger","GitLab API","v4","/api/v4/projects/{id}/fork","POST",2
"COITDEVSOCOEAPPSIA/crewai-nativeai","swagger","GitLab API","v4","/api/v4/projects/{id}/fork","DELETE",1
"COITDEVSOCOEAPPSIA/crewai-nativeai","swagger","GitLab API","v4","/api/v4/projects/{id}/forks","GET",34
"COITDEVSOCOEAPPSIA/crewai-nativeai","swagger","GitLab API","v4","/api/v4/projects/{id}/pages_access","GET",1
"COITDEVSOCOEAPPSIA/crewai-nativeai","swagger","GitLab API","v4","/api/v4/projects/{id}/archive","POST",1
"COITDEVSOCOEAPPSIA/crewai-nativeai","swagger","GitLab API","v4","/api/v4/projects/{id}/unarchive","POST",1
"COITDEVSOCOEAPPSIA/crewai-nativeai","swagger","GitLab API","v4","/api/v4/projects/{id}/star","POST",1
"COITDEVSOCOEAPPSIA/crewai-nativeai","swagger","GitLab API","v4","/api/v4/projects/{id}/unstar","POST",1
"COITDEVSOCOEAPPSIA/crewai-nativeai","swagger","GitLab API","v4","/api/v4/projects/{id}/starrers","GET",4
"COITDEVSOCOEAPPSIA/crewai-nativeai","swagger","GitLab API","v4","/api/v4/projects/{id}/languages","GET",1
"COITDEVSOCOEAPPSIA/crewai-nativeai","swagger","GitLab API","v4","/api/v4/projects/{id}/fork/{forked_from_id}","POST",2
"COITDEVSOCOEAPPSIA/crewai-nativeai","swagger","GitLab API","v4","/api/v4/projects/{id}/share","POST",2
"COITDEVSOCOEAPPSIA/crewai-nativeai","swagger","GitLab API","v4","/api/v4/projects/{id}/share/{group_id}","DELETE",2
"COITDEVSOCOEAPPSIA/crewai-nativeai","swagger","GitLab API","v4","/api/v4/projects/{id}/import_project_members/{project_id}","POST",2
"COITDEVSOCOEAPPSIA/crewai-nativeai","swagger","GitLab API","v4","/api/v4/projects/{id}/users","GET",5
"COITDEVSOCOEAPPSIA/crewai-nativeai","swagger","GitLab API","v4","/api/v4/projects/{id}/groups","GET",8
"COITDEVSOCOEAPPSIA/crewai-nativeai","swagger","GitLab API","v4","/api/v4/projects/{id}/invited_groups","GET",7
"COITDEVSOCOEAPPSIA/crewai-nativeai","swagger","GitLab API","v4","/api/v4/projects/{id}/housekeeping","POST",2
"COITDEVSOCOEAPPSIA/crewai-nativeai","swagger","GitLab API","v4","/api/v4/projects/{id}/repository_size","POST",1
"COITDEVSOCOEAPPSIA/crewai-nativeai","swagger","GitLab API","v4","/api/v4/projects/{id}/transfer","PUT",2
"COITDEVSOCOEAPPSIA/crewai-nativeai","swagger","GitLab API","v4","/api/v4/projects/{id}/transfer_locations","GET",4
"COITDEVSOCOEAPPSIA/crewai-nativeai","swagger","GitLab API","v4","/api/v4/projects/{id}/storage","GET",1
"COITDEVSOCOEAPPSIA/crewai-nativeai","swagger","GitLab API","v4","/api/v4/projects/{id}/audit_events","GET",5
"COITDEVSOCOEAPPSIA/crewai-nativeai","swagger","GitLab API","v4","/api/v4/projects/{id}/audit_events/{audit_event_id}","GET",2
"COITDEVSOCOEAPPSIA/crewai-nativeai","swagger","GitLab API","v4","/api/v4/projects/{id}/protected_branches","GET",4
"COITDEVSOCOEAPPSIA/crewai-nativeai","swagger","GitLab API","v4","/api/v4/projects/{id}/protected_branches","POST",2
"COITDEVSOCOEAPPSIA/crewai-nativeai","swagger","GitLab API","v4","/api/v4/projects/{id}/protected_branches/{name}","GET",2
"COITDEVSOCOEAPPSIA/crewai-nativeai","swagger","GitLab API","v4","/api/v4/projects/{id}/protected_branches/{name}","PATCH",3
"COITDEVSOCOEAPPSIA/crewai-nativeai","swagger","GitLab API","v4","/api/v4/projects/{id}/protected_branches/{name}","DELETE",2
"COITDEVSOCOEAPPSIA/crewai-nativeai","swagger","GitLab API","v4","/api/v4/projects/{id}/protected_tags","GET",3
"COITDEVSOCOEAPPSIA/crewai-nativeai","swagger","GitLab API","v4","/api/v4/projects/{id}/protected_tags","POST",2
"COITDEVSOCOEAPPSIA/crewai-nativeai","swagger","GitLab API","v4","/api/v4/projects/{id}/protected_tags/{name}","GET",2
"COITDEVSOCOEAPPSIA/crewai-nativeai","swagger","GitLab API","v4","/api/v4/projects/{id}/protected_tags/{name}","DELETE",2
"COITDEVSOCOEAPPSIA/crewai-nativeai","swagger","GitLab API","v4","/api/v4/projects/{id}/packages/pypi/files/{sha256}/*file_identifier","GET",3
"COITDEVSOCOEAPPSIA/crewai-nativeai","swagger","GitLab API","v4","/api/v4/projects/{id}/packages/pypi/simple","GET",1
"COITDEVSOCOEAPPSIA/crewai-nativeai","swagger","GitLab API","v4","/api/v4/projects/{id}/packages/pypi/simple/*package_name","GET",2
"COITDEVSOCOEAPPSIA/crewai-nativeai","swagger","GitLab API","v4","/api/v4/projects/{id}/packages/pypi","POST",2
"COITDEVSOCOEAPPSIA/crewai-nativeai","swagger","GitLab API","v4","/api/v4/projects/{id}/packages/pypi/authorize","POST",1
"COITDEVSOCOEAPPSIA/crewai-nativeai","swagger","GitLab API","v4","/api/v4/projects/{id}/releases","GET",8
"COITDEVSOCOEAPPSIA/crewai-nativeai","swagger","GitLab API","v4","/api/v4/projects/{id}/releases","POST",2
"COITDEVSOCOEAPPSIA/crewai-nativeai","swagger","GitLab API","v4","/api/v4/projects/{id}/releases/{tag_name}","GET",3
"COITDEVSOCOEAPPSIA/crewai-nativeai","swagger","GitLab API","v4","/api/v4/projects/{id}/releases/{tag_name}","PUT",3
"COITDEVSOCOEAPPSIA/crewai-nativeai","swagger","GitLab API","v4","/api/v4/projects/{id}/releases/{tag_name}","DELETE",2
"COITDEVSOCOEAPPSIA/crewai-nativeai","swagger","GitLab API","v4","/api/v4/projects/{id}/releases/{tag_name}/downloads/*direct_asset_path","GET",3
"COITDEVSOCOEAPPSIA/crewai-nativeai","swagger","GitLab API","v4","/api/v4/projects/{id}/releases/permalink/latest(/)(*suffix_path)","GET",2
"COITDEVSOCOEAPPSIA/crewai-nativeai","swagger","GitLab API","v4","/api/v4/projects/{id}/releases/{tag_name}/evidence","POST",2
"COITDEVSOCOEAPPSIA/crewai-nativeai","swagger","GitLab API","v4","/api/v4/projects/{id}/releases/{tag_name}/assets/links","GET",4
"COITDEVSOCOEAPPSIA/crewai-nativeai","swagger","GitLab API","v4","/api/v4/projects/{id}/releases/{tag_name}/assets/links","POST",3
"COITDEVSOCOEAPPSIA/crewai-nativeai","swagger","GitLab API","v4","/api/v4/projects/{id}/releases/{tag_name}/assets/links/{link_id}","GET",3
"COITDEVSOCOEAPPSIA/crewai-nativeai","swagger","GitLab API","v4","/api/v4/projects/{id}/releases/{tag_name}/assets/links/{link_id}","PUT",4
"COITDEVSOCOEAPPSIA/crewai-nativeai","swagger","GitLab API","v4","/api/v4/projects/{id}/releases/{tag_name}/assets/links/{link_id}","DELETE",3
"COITDEVSOCOEAPPSIA/crewai-nativeai","swagger","GitLab API","v4","/api/v4/projects/{id}/remote_mirrors","GET",3
"COITDEVSOCOEAPPSIA/crewai-nativeai","swagger","GitLab API","v4","/api/v4/projects/{id}/remote_mirrors","POST",2
"COITDEVSOCOEAPPSIA/crewai-nativeai","swagger","GitLab API","v4","/api/v4/projects/{id}/remote_mirrors/{mirror_id}","GET",2
"COITDEVSOCOEAPPSIA/crewai-nativeai","swagger","GitLab API","v4","/api/v4/projects/{id}/remote_mirrors/{mirror_id}","PUT",3
"COITDEVSOCOEAPPSIA/crewai-nativeai","swagger","GitLab API","v4","/api/v4/projects/{id}/remote_mirrors/{mirror_id}","DELETE",2
"COITDEVSOCOEAPPSIA/crewai-nativeai","swagger","GitLab API","v4","/api/v4/projects/{id}/remote_mirrors/{mirror_id}/sync","POST",2
"COITDEVSOCOEAPPSIA/crewai-nativeai","swagger","GitLab API","v4","/api/v4/projects/{id}/remote_mirrors/{mirror_id}/public_key","GET",2
"COITDEVSOCOEAPPSIA/crewai-nativeai","swagger","GitLab API","v4","/api/v4/projects/{id}/repository/tree","GET",8
"COITDEVSOCOEAPPSIA/crewai-nativeai","swagger","GitLab API","v4","/api/v4/projects/{id}/repository/blobs/{sha}/raw","GET",2
"COITDEVSOCOEAPPSIA/crewai-nativeai","swagger","GitLab API","v4","/api/v4/projects/{id}/repository/blobs/{sha}","GET",2
"COITDEVSOCOEAPPSIA/crewai-nativeai","swagger","GitLab API","v4","/api/v4/projects/{id}/repository/archive","GET",6
"COITDEVSOCOEAPPSIA/crewai-nativeai","swagger","GitLab API","v4","/api/v4/projects/{id}/repository/compare","GET",6
"COITDEVSOCOEAPPSIA/crewai-nativeai","swagger","GitLab API","v4","/api/v4/projects/{id}/repository/health","GET",2
"COITDEVSOCOEAPPSIA/crewai-nativeai","swagger","GitLab API","v4","/api/v4/projects/{id}/repository/contributors","GET",6
"COITDEVSOCOEAPPSIA/crewai-nativeai","swagger","GitLab API","v4","/api/v4/projects/{id}/repository/merge_base","GET",2
"COITDEVSOCOEAPPSIA/crewai-nativeai","swagger","GitLab API","v4","/api/v4/projects/{id}/repository/changelog","GET",8
"COITDEVSOCOEAPPSIA/crewai-nativeai","swagger","GitLab API","v4","/api/v4/projects/{id}/repository/changelog","POST",2
"COITDEVSOCOEAPPSIA/crewai-nativeai","swagger","GitLab API","v4","/api/v4/projects/{id}/access_tokens/self/rotate","POST",2
"COITDEVSOCOEAPPSIA/crewai-nativeai","swagger","GitLab API","v4","/api/v4/projects/{id}/issues/{eventable_id}/resource_milestone_events","GET",4
"COITDEVSOCOEAPPSIA/crewai-nativeai","swagger","GitLab API","v4","/api/v4/projects/{id}/issues/{eventable_id}/resource_milestone_events/{event_id}","GET",3
"COITDEVSOCOEAPPSIA/crewai-nativeai","swagger","GitLab API","v4","/api/v4/projects/{id}/merge_requests/{eventable_id}/resource_milestone_events","GET",4
"COITDEVSOCOEAPPSIA/crewai-nativeai","swagger","GitLab API","v4","/api/v4/projects/{id}/merge_requests/{eventable_id}/resource_milestone_events/{event_id}","GET",3
"COITDEVSOCOEAPPSIA/crewai-nativeai","swagger","GitLab API","v4","/api/v4/projects/{id}/packages/rpm/repodata/*file_name","GET",2
"COITDEVSOCOEAPPSIA/crewai-nativeai","swagger","GitLab API","v4","/api/v4/projects/{id}/packages/rpm/*package_file_id/*file_name","GET",3
"COITDEVSOCOEAPPSIA/crewai-nativeai","swagger","GitLab API","v4","/api/v4/projects/{id}/packages/rpm","POST",1
"COITDEVSOCOEAPPSIA/crewai-nativeai","swagger","GitLab API","v4","/api/v4/projects/{id}/packages/rpm/authorize","POST",1
"COITDEVSOCOEAPPSIA/crewai-nativeai","swagger","GitLab API","v4","/api/v4/projects/{id}/packages/rubygems/{file_name}","GET",2
"COITDEVSOCOEAPPSIA/crewai-nativeai","swagger","GitLab API","v4","/api/v4/projects/{id}/packages/rubygems/quick/Marshal.4.8/{file_name}","GET",2
"COITDEVSOCOEAPPSIA/crewai-nativeai","swagger","GitLab API","v4","/api/v4/projects/{id}/packages/rubygems/gems/{file_name}","GET",2
"COITDEVSOCOEAPPSIA/crewai-nativeai","swagger","GitLab API","v4","/api/v4/projects/{id}/packages/rubygems/api/v1/gems/authorize","POST",1
"COITDEVSOCOEAPPSIA/crewai-nativeai","swagger","GitLab API","v4","/api/v4/projects/{id}/packages/rubygems/api/v1/gems","POST",2
"COITDEVSOCOEAPPSIA/crewai-nativeai","swagger","GitLab API","v4","/api/v4/projects/{id}/packages/rubygems/api/v1/dependencies","GET",2
"COITDEVSOCOEAPPSIA/crewai-nativeai","swagger","GitLab API","v4","/api/v4/projects/{id}/repository/submodules/{submodule}","PUT",3
"COITDEVSOCOEAPPSIA/crewai-nativeai","swagger","GitLab API","v4","/api/v4/projects/{id}/repository/tags","GET",7
"COITDEVSOCOEAPPSIA/crewai-nativeai","swagger","GitLab API","v4","/api/v4/projects/{id}/repository/tags","POST",2
"COITDEVSOCOEAPPSIA/crewai-nativeai","swagger","GitLab API","v4","/api/v4/projects/{id}/repository/tags/{tag_name}","GET",2
"COITDEVSOCOEAPPSIA/crewai-nativeai","swagger","GitLab API","v4","/api/v4/projects/{id}/repository/tags/{tag_name}","DELETE",2
"COITDEVSOCOEAPPSIA/crewai-nativeai","swagger","GitLab API","v4","/api/v4/projects/{id}/repository/tags/{tag_name}/signature","GET",2
"COITDEVSOCOEAPPSIA/crewai-nativeai","swagger","GitLab API","v4","/api/v4/projects/{id}/packages/terraform/modules/{module_name}/{module_system}","GET",4
"COITDEVSOCOEAPPSIA/crewai-nativeai","swagger","GitLab API","v4","/api/v4/projects/{id}/packages/terraform/modules/{module_name}/{module_system}/*module_version","GET",5
"COITDEVSOCOEAPPSIA/crewai-nativeai","swagger","GitLab API","v4","/api/v4/projects/{id}/packages/terraform/modules/{module_name}/{module_system}/*module_version/file/authorize","PUT",4
"COITDEVSOCOEAPPSIA/crewai-nativeai","swagger","GitLab API","v4","/api/v4/projects/{id}/packages/terraform/modules/{module_name}/{module_system}/*module_version/file","PUT",5
"COITDEVSOCOEAPPSIA/crewai-nativeai","swagger","GitLab API","v4","/api/v4/projects/{id}/terraform/state/{name}","GET",3
"COITDEVSOCOEAPPSIA/crewai-nativeai","swagger","GitLab API","v4","/api/v4/projects/{id}/terraform/state/{name}","POST",2
"COITDEVSOCOEAPPSIA/crewai-nativeai","swagger","GitLab API","v4","/api/v4/projects/{id}/terraform/state/{name}","DELETE",2
"COITDEVSOCOEAPPSIA/crewai-nativeai","swagger","GitLab API","v4","/api/v4/projects/{id}/terraform/state/{name}/lock","POST",3
"COITDEVSOCOEAPPSIA/crewai-nativeai","swagger","GitLab API","v4","/api/v4/projects/{id}/terraform/state/{name}/lock","DELETE",3
"COITDEVSOCOEAPPSIA/crewai-nativeai","swagger","GitLab API","v4","/api/v4/projects/{id}/terraform/state/{name}/versions/{serial}","GET",3
"COITDEVSOCOEAPPSIA/crewai-nativeai","swagger","GitLab API","v4","/api/v4/projects/{id}/terraform/state/{name}/versions/{serial}","DELETE",3
"COITDEVSOCOEAPPSIA/crewai-nativeai","swagger","GitLab API","v4","/api/v4/projects/{id}/wikis","GET",2
"COITDEVSOCOEAPPSIA/crewai-nativeai","swagger","GitLab API","v4","/api/v4/projects/{id}/wikis","POST",2
"COITDEVSOCOEAPPSIA/crewai-nativeai","swagger","GitLab API","v4","/api/v4/projects/{id}/wikis/{slug}","GET",4
"COITDEVSOCOEAPPSIA/crewai-nativeai","swagger","GitLab API","v4","/api/v4/projects/{id}/wikis/{slug}","PUT",3
"COITDEVSOCOEAPPSIA/crewai-nativeai","swagger","GitLab API","v4","/api/v4/projects/{id}/wikis/{slug}","DELETE",2
"COITDEVSOCOEAPPSIA/crewai-nativeai","swagger","GitLab API","v4","/api/v4/projects/{id}/wikis/attachments","POST",2
"COITDEVSOCOEAPPSIA/crewai-nativeai","swagger","GitLab API","v4","/api/v4/admin/batched_background_migrations/{id}","GET",2
"COITDEVSOCOEAPPSIA/crewai-nativeai","swagger","GitLab API","v4","/api/v4/admin/batched_background_migrations/{id}/resume","PUT",2
"COITDEVSOCOEAPPSIA/crewai-nativeai","swagger","GitLab API","v4","/api/v4/admin/batched_background_migrations/{id}/pause","PUT",2
"COITDEVSOCOEAPPSIA/crewai-nativeai","swagger","GitLab API","v4","/api/v4/admin/batched_background_migrations","GET",2
"COITDEVSOCOEAPPSIA/crewai-nativeai","swagger","GitLab API","v4","/api/v4/admin/ci/variables","GET",2
"COITDEVSOCOEAPPSIA/crewai-nativeai","swagger","GitLab API","v4","/api/v4/admin/ci/variables","POST",1
"COITDEVSOCOEAPPSIA/crewai-nativeai","swagger","GitLab API","v4","/api/v4/admin/ci/variables/{key}","GET",1
"COITDEVSOCOEAPPSIA/crewai-nativeai","swagger","GitLab API","v4","/api/v4/admin/ci/variables/{key}","PUT",2
"COITDEVSOCOEAPPSIA/crewai-nativeai","swagger","GitLab API","v4","/api/v4/admin/ci/variables/{key}","DELETE",1
"COITDEVSOCOEAPPSIA/crewai-nativeai","swagger","GitLab API","v4","/api/v4/admin/databases/{database_name}/dictionary/tables/{table_name}","GET",2
"COITDEVSOCOEAPPSIA/crewai-nativeai","swagger","GitLab API","v4","/api/v4/admin/clusters","GET",0
"COITDEVSOCOEAPPSIA/crewai-nativeai","swagger","GitLab API","v4","/api/v4/admin/clusters/{cluster_id}","GET",1
"COITDEVSOCOEAPPSIA/crewai-nativeai","swagger","GitLab API","v4","/api/v4/admin/clusters/{cluster_id}","PUT",2
"COITDEVSOCOEAPPSIA/crewai-nativeai","swagger","GitLab API","v4","/api/v4/admin/clusters/{cluster_id}","DELETE",1
"COITDEVSOCOEAPPSIA/crewai-nativeai","swagger","GitLab API","v4","/api/v4/admin/clusters/add","POST",1
"COITDEVSOCOEAPPSIA/crewai-nativeai","swagger","GitLab API","v4","/api/v4/admin/migrations/{timestamp}/mark","POST",2
"COITDEVSOCOEAPPSIA/crewai-nativeai","swagger","GitLab API","v4","/api/v4/broadcast_messages","GET",2
"COITDEVSOCOEAPPSIA/crewai-nativeai","swagger","GitLab API","v4","/api/v4/broadcast_messages","POST",1
"COITDEVSOCOEAPPSIA/crewai-nativeai","swagger","GitLab API","v4","/api/v4/broadcast_messages/{id}","GET",1
"COITDEVSOCOEAPPSIA/crewai-nativeai","swagger","GitLab API","v4","/api/v4/broadcast_messages/{id}","PUT",2
"COITDEVSOCOEAPPSIA/crewai-nativeai","swagger","GitLab API","v4","/api/v4/broadcast_messages/{id}","DELETE",1
"COITDEVSOCOEAPPSIA/crewai-nativeai","swagger","GitLab API","v4","/api/v4/applications","POST",1
"COITDEVSOCOEAPPSIA/crewai-nativeai","swagger","GitLab API","v4","/api/v4/applications","GET",0
"COITDEVSOCOEAPPSIA/crewai-nativeai","swagger","GitLab API","v4","/api/v4/applications/{id}","DELETE",1
"COITDEVSOCOEAPPSIA/crewai-nativeai","swagger","GitLab API","v4","/api/v4/applications/{id}/renew-secret","POST",1
"COITDEVSOCOEAPPSIA/crewai-nativeai","swagger","GitLab API","v4","/api/v4/avatar","GET",2
"COITDEVSOCOEAPPSIA/crewai-nativeai","swagger","GitLab API","v4","/api/v4/bulk_imports","POST",9
"COITDEVSOCOEAPPSIA/crewai-nativeai","swagger","GitLab API","v4","/api/v4/bulk_imports","GET",4
"COITDEVSOCOEAPPSIA/crewai-nativeai","swagger","GitLab API","v4","/api/v4/bulk_imports/entities","GET",4
"COITDEVSOCOEAPPSIA/crewai-nativeai","swagger","GitLab API","v4","/api/v4/bulk_imports/{import_id}","GET",1
"COITDEVSOCOEAPPSIA/crewai-nativeai","swagger","GitLab API","v4","/api/v4/bulk_imports/{import_id}/entities","GET",4
"COITDEVSOCOEAPPSIA/crewai-nativeai","swagger","GitLab API","v4","/api/v4/bulk_imports/{import_id}/entities/{entity_id}","GET",2
"COITDEVSOCOEAPPSIA/crewai-nativeai","swagger","GitLab API","v4","/api/v4/bulk_imports/{import_id}/entities/{entity_id}/failures","GET",2
"COITDEVSOCOEAPPSIA/crewai-nativeai","swagger","GitLab API","v4","/api/v4/bulk_imports/{import_id}/cancel","POST",1
"COITDEVSOCOEAPPSIA/crewai-nativeai","swagger","GitLab API","v4","/api/v4/job","GET",0
"COITDEVSOCOEAPPSIA/crewai-nativeai","swagger","GitLab API","v4","/api/v4/job/allowed_agents","GET",0
"COITDEVSOCOEAPPSIA/crewai-nativeai","swagger","GitLab API","v4","/api/v4/runners","POST",1
"COITDEVSOCOEAPPSIA/crewai-nativeai","swagger","GitLab API","v4","/api/v4/runners","DELETE",1
"COITDEVSOCOEAPPSIA/crewai-nativeai","swagger","GitLab API","v4","/api/v4/runners","GET",8
"COITDEVSOCOEAPPSIA/crewai-nativeai","swagger","GitLab API","v4","/api/v4/runners/managers","DELETE",2
"COITDEVSOCOEAPPSIA/crewai-nativeai","swagger","GitLab API","v4","/api/v4/runners/verify","POST",1
"COITDEVSOCOEAPPSIA/crewai-nativeai","swagger","GitLab API","v4","/api/v4/runners/reset_authentication_token","POST",1
"COITDEVSOCOEAPPSIA/crewai-nativeai","swagger","GitLab API","v4","/api/v4/runners/all","GET",8
"COITDEVSOCOEAPPSIA/crewai-nativeai","swagger","GitLab API","v4","/api/v4/runners/{id}","GET",1
"COITDEVSOCOEAPPSIA/crewai-nativeai","swagger","GitLab API","v4","/api/v4/runners/{id}","PUT",2
"COITDEVSOCOEAPPSIA/crewai-nativeai","swagger","GitLab API","v4","/api/v4/runners/{id}","DELETE",1
"COITDEVSOCOEAPPSIA/crewai-nativeai","swagger","GitLab API","v4","/api/v4/runners/{id}/managers","GET",1
"COITDEVSOCOEAPPSIA/crewai-nativeai","swagger","GitLab API","v4","/api/v4/runners/{id}/jobs","GET",8
"COITDEVSOCOEAPPSIA/crewai-nativeai","swagger","GitLab API","v4","/api/v4/runners/{id}/reset_authentication_token","POST",1
"COITDEVSOCOEAPPSIA/crewai-nativeai","swagger","GitLab API","v4","/api/v4/runners/reset_registration_token","POST",0
"COITDEVSOCOEAPPSIA/crewai-nativeai","swagger","GitLab API","v4","/api/v4/jobs/request","POST",1
"COITDEVSOCOEAPPSIA/crewai-nativeai","swagger","GitLab API","v4","/api/v4/jobs/{id}","PUT",2
"COITDEVSOCOEAPPSIA/crewai-nativeai","swagger","GitLab API","v4","/api/v4/jobs/{id}/trace","PATCH",2
"COITDEVSOCOEAPPSIA/crewai-nativeai","swagger","GitLab API","v4","/api/v4/jobs/{id}/artifacts/authorize","POST",2
"COITDEVSOCOEAPPSIA/crewai-nativeai","swagger","GitLab API","v4","/api/v4/jobs/{id}/artifacts","POST",2
"COITDEVSOCOEAPPSIA/crewai-nativeai","swagger","GitLab API","v4","/api/v4/jobs/{id}/artifacts","GET",3
"COITDEVSOCOEAPPSIA/crewai-nativeai","swagger","GitLab API","v4","/api/v4/group/{id}/-/packages/composer/packages","GET",1
"COITDEVSOCOEAPPSIA/crewai-nativeai","swagger","GitLab API","v4","/api/v4/group/{id}/-/packages/composer/p/{sha}","GET",2
"COITDEVSOCOEAPPSIA/crewai-nativeai","swagger","GitLab API","v4","/api/v4/group/{id}/-/packages/composer/p2/*package_name","GET",2
"COITDEVSOCOEAPPSIA/crewai-nativeai","swagger","GitLab API","v4","/api/v4/group/{id}/-/packages/composer/*package_name","GET",2
"COITDEVSOCOEAPPSIA/crewai-nativeai","swagger","GitLab API","v4","/api/v4/packages/conan/v1/users/authenticate","GET",0
"COITDEVSOCOEAPPSIA/crewai-nativeai","swagger","GitLab API","v4","/api/v4/packages/conan/v1/users/check_credentials","GET",0
"COITDEVSOCOEAPPSIA/crewai-nativeai","swagger","GitLab API","v4","/api/v4/packages/conan/v1/conans/search","GET",1
"COITDEVSOCOEAPPSIA/crewai-nativeai","swagger","GitLab API","v4","/api/v4/packages/conan/v1/conans/{package_name}/{package_version}/{package_username}/{package_channel}/search","GET",4
"COITDEVSOCOEAPPSIA/crewai-nativeai","swagger","GitLab API","v4","/api/v4/packages/conan/v1/ping","GET",0
"COITDEVSOCOEAPPSIA/crewai-nativeai","swagger","GitLab API","v4","/api/v4/packages/conan/v1/conans/{package_name}/{package_version}/{package_username}/{package_channel}/packages/{conan_package_reference}","GET",5
"COITDEVSOCOEAPPSIA/crewai-nativeai","swagger","GitLab API","v4","/api/v4/packages/conan/v1/conans/{package_name}/{package_version}/{package_username}/{package_channel}","GET",4
"COITDEVSOCOEAPPSIA/crewai-nativeai","swagger","GitLab API","v4","/api/v4/packages/conan/v1/conans/{package_name}/{package_version}/{package_username}/{package_channel}","DELETE",4
"COITDEVSOCOEAPPSIA/crewai-nativeai","swagger","GitLab API","v4","/api/v4/packages/conan/v1/conans/{package_name}/{package_version}/{package_username}/{package_channel}/packages/{conan_package_reference}/digest","GET",5
"COITDEVSOCOEAPPSIA/crewai-nativeai","swagger","GitLab API","v4","/api/v4/packages/conan/v1/conans/{package_name}/{package_version}/{package_username}/{package_channel}/digest","GET",4
"COITDEVSOCOEAPPSIA/crewai-nativeai","swagger","GitLab API","v4","/api/v4/packages/conan/v1/conans/{package_name}/{package_version}/{package_username}/{package_channel}/packages/{conan_package_reference}/download_urls","GET",5
"COITDEVSOCOEAPPSIA/crewai-nativeai","swagger","GitLab API","v4","/api/v4/packages/conan/v1/conans/{package_name}/{package_version}/{package_username}/{package_channel}/download_urls","GET",4
"COITDEVSOCOEAPPSIA/crewai-nativeai","swagger","GitLab API","v4","/api/v4/packages/conan/v1/conans/{package_name}/{package_version}/{package_username}/{package_channel}/packages/{conan_package_reference}/upload_urls","POST",5
"COITDEVSOCOEAPPSIA/crewai-nativeai","swagger","GitLab API","v4","/api/v4/packages/conan/v1/conans/{package_name}/{package_version}/{package_username}/{package_channel}/upload_urls","POST",4
"COITDEVSOCOEAPPSIA/crewai-nativeai","swagger","GitLab API","v4","/api/v4/packages/conan/v1/files/{package_name}/{package_version}/{package_username}/{package_channel}/{recipe_revision}/export/{file_name}","GET",6
"COITDEVSOCOEAPPSIA/crewai-nativeai","swagger","GitLab API","v4","/api/v4/packages/conan/v1/files/{package_name}/{package_version}/{package_username}/{package_channel}/{recipe_revision}/export/{file_name}","PUT",7
"COITDEVSOCOEAPPSIA/crewai-nativeai","swagger","GitLab API","v4","/api/v4/packages/conan/v1/files/{package_name}/{package_version}/{package_username}/{package_channel}/{recipe_revision}/export/{file_name}/authorize","PUT",6
"COITDEVSOCOEAPPSIA/crewai-nativeai","swagger","GitLab API","v4","/api/v4/packages/conan/v1/files/{package_name}/{package_version}/{package_username}/{package_channel}/{recipe_revision}/package/{conan_package_reference}/{package_revision}/{file_name}","GET",8
"COITDEVSOCOEAPPSIA/crewai-nativeai","swagger","GitLab API","v4","/api/v4/packages/conan/v1/files/{package_name}/{package_version}/{package_username}/{package_channel}/{recipe_revision}/package/{conan_package_reference}/{package_revision}/{file_name}","PUT",9
"COITDEVSOCOEAPPSIA/crewai-nativeai","swagger","GitLab API","v4","/api/v4/packages/conan/v1/files/{package_name}/{package_version}/{package_username}/{package_channel}/{recipe_revision}/package/{conan_package_reference}/{package_revision}/{file_name}/authorize","PUT",8
"COITDEVSOCOEAPPSIA/crewai-nativeai","swagger","GitLab API","v4","/api/v4/packages/maven/*path/{file_name}","GET",2
"COITDEVSOCOEAPPSIA/crewai-nativeai","swagger","GitLab API","v4","/api/v4/packages/npm/-/package/*package_name/dist-tags","GET",1
"COITDEVSOCOEAPPSIA/crewai-nativeai","swagger","GitLab API","v4","/api/v4/packages/npm/-/package/*package_name/dist-tags/{tag}","PUT",2
"COITDEVSOCOEAPPSIA/crewai-nativeai","swagger","GitLab API","v4","/api/v4/packages/npm/-/package/*package_name/dist-tags/{tag}","DELETE",2
"COITDEVSOCOEAPPSIA/crewai-nativeai","swagger","GitLab API","v4","/api/v4/packages/npm/-/npm/v1/security/advisories/bulk","POST",0
"COITDEVSOCOEAPPSIA/crewai-nativeai","swagger","GitLab API","v4","/api/v4/packages/npm/-/npm/v1/security/audits/quick","POST",0
"COITDEVSOCOEAPPSIA/crewai-nativeai","swagger","GitLab API","v4","/api/v4/packages/npm/*package_name","GET",1
"COITDEVSOCOEAPPSIA/crewai-nativeai","swagger","GitLab API","v4","/api/v4/packages/terraform/modules/v1/{module_namespace}/{module_name}/{module_system}/versions","GET",3
"COITDEVSOCOEAPPSIA/crewai-nativeai","swagger","GitLab API","v4","/api/v4/packages/terraform/modules/v1/{module_namespace}/{module_name}/{module_system}/download","GET",3
"COITDEVSOCOEAPPSIA/crewai-nativeai","swagger","GitLab API","v4","/api/v4/packages/terraform/modules/v1/{module_namespace}/{module_name}/{module_system}","GET",3
"COITDEVSOCOEAPPSIA/crewai-nativeai","swagger","GitLab API","v4","/api/v4/packages/terraform/modules/v1/{module_namespace}/{module_name}/{module_system}/*module_version/download","GET",4
"COITDEVSOCOEAPPSIA/crewai-nativeai","swagger","GitLab API","v4","/api/v4/packages/terraform/modules/v1/{module_namespace}/{module_name}/{module_system}/*module_version/file","GET",4
"COITDEVSOCOEAPPSIA/crewai-nativeai","swagger","GitLab API","v4","/api/v4/packages/terraform/modules/v1/{module_namespace}/{module_name}/{module_system}/*module_version","GET",4
"COITDEVSOCOEAPPSIA/crewai-nativeai","swagger","GitLab API","v4","/api/v4/container_registry_event/events","POST",0
"COITDEVSOCOEAPPSIA/crewai-nativeai","swagger","GitLab API","v4","/api/v4/registry/repositories/{id}","GET",4
"COITDEVSOCOEAPPSIA/crewai-nativeai","swagger","GitLab API","v4","/api/v4/events","GET",8
"COITDEVSOCOEAPPSIA/crewai-nativeai","swagger","GitLab API","v4","/api/v4/users/{id}/events","GET",8
"COITDEVSOCOEAPPSIA/crewai-nativeai","swagger","GitLab API","v4","/api/v4/users/{user_id}/projects","GET",35
"COITDEVSOCOEAPPSIA/crewai-nativeai","swagger","GitLab API","v4","/api/v4/users/{user_id}/contributed_projects","GET",6
"COITDEVSOCOEAPPSIA/crewai-nativeai","swagger","GitLab API","v4","/api/v4/users/{user_id}/starred_projects","GET",34
"COITDEVSOCOEAPPSIA/crewai-nativeai","swagger","GitLab API","v4","/api/v4/features","GET",0
"COITDEVSOCOEAPPSIA/crewai-nativeai","swagger","GitLab API","v4","/api/v4/features/definitions","GET",0
"COITDEVSOCOEAPPSIA/crewai-nativeai","swagger","GitLab API","v4","/api/v4/features/{name}","POST",2
"COITDEVSOCOEAPPSIA/crewai-nativeai","swagger","GitLab API","v4","/api/v4/features/{name}","DELETE",1
"COITDEVSOCOEAPPSIA/crewai-nativeai","swagger","GitLab API","v4","/api/v4/geo/proxy","GET",0
"COITDEVSOCOEAPPSIA/crewai-nativeai","swagger","GitLab API","v4","/api/v4/geo/retrieve/{replicable_name}/{replicable_id}","GET",2
"COITDEVSOCOEAPPSIA/crewai-nativeai","swagger","GitLab API","v4","/api/v4/geo/repositories/{gl_repository}/pipeline_refs","GET",1
"COITDEVSOCOEAPPSIA/crewai-nativeai","swagger","GitLab API","v4","/api/v4/geo/status","POST",1
"COITDEVSOCOEAPPSIA/crewai-nativeai","swagger","GitLab API","v4","/api/v4/geo/proxy_git_ssh/info_refs_upload_pack","POST",1
"COITDEVSOCOEAPPSIA/crewai-nativeai","swagger","GitLab API","v4","/api/v4/geo/proxy_git_ssh/upload_pack","POST",1
"COITDEVSOCOEAPPSIA/crewai-nativeai","swagger","GitLab API","v4","/api/v4/geo/proxy_git_ssh/info_refs_receive_pack","POST",1
"COITDEVSOCOEAPPSIA/crewai-nativeai","swagger","GitLab API","v4","/api/v4/geo/proxy_git_ssh/receive_pack","POST",1
"COITDEVSOCOEAPPSIA/crewai-nativeai","swagger","GitLab API","v4","/api/v4/geo/node_proxy/{id}/graphql","POST",1
"COITDEVSOCOEAPPSIA/crewai-nativeai","swagger","GitLab API","v4","/api/v4/integrations/slack/events","POST",1
"COITDEVSOCOEAPPSIA/crewai-nativeai","swagger","GitLab API","v4","/api/v4/integrations/slack/interactions","POST",0
"COITDEVSOCOEAPPSIA/crewai-nativeai","swagger","GitLab API","v4","/api/v4/integrations/slack/options","POST",0
"COITDEVSOCOEAPPSIA/crewai-nativeai","swagger","GitLab API","v4","/api/v4/integrations/jira_connect/subscriptions","POST",1
"COITDEVSOCOEAPPSIA/crewai-nativeai","swagger","GitLab API","v4","/api/v4/keys/{id}","GET",1
"COITDEVSOCOEAPPSIA/crewai-nativeai","swagger","GitLab API","v4","/api/v4/keys","GET",1
"COITDEVSOCOEAPPSIA/crewai-nativeai","swagger","GitLab API","v4","/api/v4/markdown","POST",1
"COITDEVSOCOEAPPSIA/crewai-nativeai","swagger","GitLab API","v4","/api/v4/merge_requests","GET",46
"COITDEVSOCOEAPPSIA/crewai-nativeai","swagger","GitLab API","v4","/api/v4/namespaces/{id}","PUT",2
"COITDEVSOCOEAPPSIA/crewai-nativeai","swagger","GitLab API","v4","/api/v4/namespaces/{id}","GET",1
"COITDEVSOCOEAPPSIA/crewai-nativeai","swagger","GitLab API","v4","/api/v4/namespaces/{id}/gitlab_subscription","GET",1
"COITDEVSOCOEAPPSIA/crewai-nativeai","swagger","GitLab API","v4","/api/v4/namespaces/{id}/storage/limit_exclusion","POST",2
"COITDEVSOCOEAPPSIA/crewai-nativeai","swagger","GitLab API","v4","/api/v4/namespaces/{id}/storage/limit_exclusion","DELETE",1
"COITDEVSOCOEAPPSIA/crewai-nativeai","swagger","GitLab API","v4","/api/v4/namespaces/storage/limit_exclusions","GET",2
"COITDEVSOCOEAPPSIA/crewai-nativeai","swagger","GitLab API","v4","/api/v4/namespaces","GET",7
"COITDEVSOCOEAPPSIA/crewai-nativeai","swagger","GitLab API","v4","/api/v4/namespaces/{id}/exists","GET",2
"COITDEVSOCOEAPPSIA/crewai-nativeai","swagger","GitLab API","v4","/api/v4/organizations","POST",1
"COITDEVSOCOEAPPSIA/crewai-nativeai","swagger","GitLab API","v4","/api/v4/pages/domains","GET",2
"COITDEVSOCOEAPPSIA/crewai-nativeai","swagger","GitLab API","v4","/api/v4/personal_access_tokens/self","GET",0
"COITDEVSOCOEAPPSIA/crewai-nativeai","swagger","GitLab API","v4","/api/v4/personal_access_tokens/self","DELETE",0
"COITDEVSOCOEAPPSIA/crewai-nativeai","swagger","GitLab API","v4","/api/v4/personal_access_tokens/self/associations","GET",3
"COITDEVSOCOEAPPSIA/crewai-nativeai","swagger","GitLab API","v4","/api/v4/personal_access_tokens/self/rotate","POST",1
"COITDEVSOCOEAPPSIA/crewai-nativeai","swagger","GitLab API","v4","/api/v4/personal_access_tokens","GET",13
"COITDEVSOCOEAPPSIA/crewai-nativeai","swagger","GitLab API","v4","/api/v4/personal_access_tokens/{id}","GET",1
"COITDEVSOCOEAPPSIA/crewai-nativeai","swagger","GitLab API","v4","/api/v4/personal_access_tokens/{id}","DELETE",1
"COITDEVSOCOEAPPSIA/crewai-nativeai","swagger","GitLab API","v4","/api/v4/personal_access_tokens/{id}/rotate","POST",2
"COITDEVSOCOEAPPSIA/crewai-nativeai","swagger","GitLab API","v4","/api/v4/snippets","GET",4
"COITDEVSOCOEAPPSIA/crewai-nativeai","swagger","GitLab API","v4","/api/v4/snippets","POST",1
"COITDEVSOCOEAPPSIA/crewai-nativeai","swagger","GitLab API","v4","/api/v4/snippets/public","GET",4
"COITDEVSOCOEAPPSIA/crewai-nativeai","swagger","GitLab API","v4","/api/v4/snippets/all","GET",5
"COITDEVSOCOEAPPSIA/crewai-nativeai","swagger","GitLab API","v4","/api/v4/snippets/{id}","GET",1
"COITDEVSOCOEAPPSIA/crewai-nativeai","swagger","GitLab API","v4","/api/v4/snippets/{id}","PUT",2
"COITDEVSOCOEAPPSIA/crewai-nativeai","swagger","GitLab API","v4","/api/v4/snippets/{id}","DELETE",1
"COITDEVSOCOEAPPSIA/crewai-nativeai","swagger","GitLab API","v4","/api/v4/snippets/{id}/raw","GET",1
"COITDEVSOCOEAPPSIA/crewai-nativeai","swagger","GitLab API","v4","/api/v4/snippets/{id}/files/{ref}/{file_path}/raw","GET",3
"COITDEVSOCOEAPPSIA/crewai-nativeai","swagger","GitLab API","v4","/api/v4/snippets/{id}/user_agent_detail","GET",1
"COITDEVSOCOEAPPSIA/crewai-nativeai","swagger","GitLab API","v4","/api/v4/suggestions/{id}/apply","PUT",2
"COITDEVSOCOEAPPSIA/crewai-nativeai","swagger","GitLab API","v4","/api/v4/suggestions/batch_apply","PUT",1
"COITDEVSOCOEAPPSIA/crewai-nativeai","swagger","GitLab API","v4","/api/v4/hooks/{hook_id}/url_variables/{key}","PUT",3
"COITDEVSOCOEAPPSIA/crewai-nativeai","swagger","GitLab API","v4","/api/v4/hooks/{hook_id}/url_variables/{key}","DELETE",2
"COITDEVSOCOEAPPSIA/crewai-nativeai","swagger","GitLab API","v4","/api/v4/hooks/{hook_id}/custom_headers/{key}","PUT",3
"COITDEVSOCOEAPPSIA/crewai-nativeai","swagger","GitLab API","v4","/api/v4/hooks/{hook_id}/custom_headers/{key}","DELETE",2
"COITDEVSOCOEAPPSIA/crewai-nativeai","swagger","GitLab API","v4","/api/v4/hooks","GET",2
"COITDEVSOCOEAPPSIA/crewai-nativeai","swagger","GitLab API","v4","/api/v4/hooks","POST",1
"COITDEVSOCOEAPPSIA/crewai-nativeai","swagger","GitLab API","v4","/api/v4/hooks/{hook_id}","GET",1
"COITDEVSOCOEAPPSIA/crewai-nativeai","swagger","GitLab API","v4","/api/v4/hooks/{hook_id}","PUT",2
"COITDEVSOCOEAPPSIA/crewai-nativeai","swagger","GitLab API","v4","/api/v4/hooks/{hook_id}","POST",1
"COITDEVSOCOEAPPSIA/crewai-nativeai","swagger","GitLab API","v4","/api/v4/hooks/{hook_id}","DELETE",1
"COITDEVSOCOEAPPSIA/crewai-nativeai","swagger","GitLab API","v4","/api/v4/feature_flags/unleash/{project_id}","GET",3
"COITDEVSOCOEAPPSIA/crewai-nativeai","swagger","GitLab API","v4","/api/v4/feature_flags/unleash/{project_id}/features","GET",3
"COITDEVSOCOEAPPSIA/crewai-nativeai","swagger","GitLab API","v4","/api/v4/feature_flags/unleash/{project_id}/client/features","GET",3
"COITDEVSOCOEAPPSIA/crewai-nativeai","swagger","GitLab API","v4","/api/v4/feature_flags/unleash/{project_id}/client/register","POST",2
"COITDEVSOCOEAPPSIA/crewai-nativeai","swagger","GitLab API","v4","/api/v4/feature_flags/unleash/{project_id}/client/metrics","POST",2
"COITDEVSOCOEAPPSIA/crewai-nativeai","swagger","GitLab API","v4","/api/v4/usage_data/increment_counter","POST",1
"COITDEVSOCOEAPPSIA/crewai-nativeai","swagger","GitLab API","v4","/api/v4/usage_data/increment_unique_users","POST",1
"COITDEVSOCOEAPPSIA/crewai-nativeai","swagger","GitLab API","v4","/api/v4/usage_data/track_events","POST",1
"COITDEVSOCOEAPPSIA/crewai-nativeai","swagger","GitLab API","v4","/api/v4/usage_data/metric_definitions","GET",1
"COITDEVSOCOEAPPSIA/crewai-nativeai","swagger","GitLab API","v4","/api/v4/usage_data/service_ping","GET",0
"COITDEVSOCOEAPPSIA/crewai-nativeai","swagger","GitLab API","v4","/api/v4/usage_data/track_event","POST",1
"COITDEVSOCOEAPPSIA/crewai-nativeai","swagger","GitLab API","v4","/api/v4/usage_data/non_sql_metrics","GET",0
"COITDEVSOCOEAPPSIA/crewai-nativeai","swagger","GitLab API","v4","/api/v4/usage_data/queries","GET",0
"COITDEVSOCOEAPPSIA/crewai-nativeai","swagger","GitLab API","v4","/api/v4/user_counts","GET",0
"COITDEVSOCOEAPPSIA/crewai-nativeai","swagger","GitLab API","v4","/api/v4/user/runners","POST",1
"COITDEVSOCOEAPPSIA/crewai-nativeai","swagger","GitLab API","v4","/api/v4/application/plan_limits","GET",1
"COITDEVSOCOEAPPSIA/crewai-nativeai","swagger","GitLab API","v4","/api/v4/application/plan_limits","PUT",1
"COITDEVSOCOEAPPSIA/crewai-nativeai","swagger","GitLab API","v4","/api/v4/application/appearance","GET",0
"COITDEVSOCOEAPPSIA/crewai-nativeai","swagger","GitLab API","v4","/api/v4/application/appearance","PUT",17
"COITDEVSOCOEAPPSIA/crewai-nativeai","swagger","GitLab API","v4","/api/v4/application/statistics","GET",0
"COITDEVSOCOEAPPSIA/crewai-nativeai","swagger","GitLab API","v4","/api/v4/discover-cert-based-clusters","GET",1
"COITDEVSOCOEAPPSIA/crewai-nativeai","swagger","GitLab API","v4","/api/v4/deploy_keys","GET",3
"COITDEVSOCOEAPPSIA/crewai-nativeai","swagger","GitLab API","v4","/api/v4/deploy_keys","POST",1
"COITDEVSOCOEAPPSIA/crewai-nativeai","swagger","GitLab API","v4","/api/v4/deploy_tokens","GET",3
"COITDEVSOCOEAPPSIA/crewai-nativeai","swagger","GitLab API","v4","/api/v4/import/bitbucket","POST",1
"COITDEVSOCOEAPPSIA/crewai-nativeai","swagger","GitLab API","v4","/api/v4/import/bitbucket_server","POST",1
"COITDEVSOCOEAPPSIA/crewai-nativeai","swagger","GitLab API","v4","/api/v4/import/github","POST",1
"COITDEVSOCOEAPPSIA/crewai-nativeai","swagger","GitLab API","v4","/api/v4/import/github/cancel","POST",1
"COITDEVSOCOEAPPSIA/crewai-nativeai","swagger","GitLab API","v4","/api/v4/import/github/gists","POST",1
"COITDEVSOCOEAPPSIA/crewai-nativeai","swagger","GitLab API","v4","/api/v4/slack/trigger","POST",1
"COITDEVSOCOEAPPSIA/crewai-nativeai","swagger","GitLab API","v4","/api/v4/metadata","GET",0
"COITDEVSOCOEAPPSIA/crewai-nativeai","swagger","GitLab API","v4","/api/v4/version","GET",0
"COITDEVSOCOEAPPSIA/crewai-nativeai","swagger","GitLab API","v4","/api/v4/topics","GET",5
"COITDEVSOCOEAPPSIA/crewai-nativeai","swagger","GitLab API","v4","/api/v4/topics","POST",1
"COITDEVSOCOEAPPSIA/crewai-nativeai","swagger","GitLab API","v4","/api/v4/topics/{id}","GET",1
"COITDEVSOCOEAPPSIA/crewai-nativeai","swagger","GitLab API","v4","/api/v4/topics/{id}","PUT",2
"COITDEVSOCOEAPPSIA/crewai-nativeai","swagger","GitLab API","v4","/api/v4/topics/{id}","DELETE",1
"COITDEVSOCOEAPPSIA/crewai-nativeai","swagger","GitLab API","v4","/api/v4/topics/merge","POST",1
"COITDEVSOCOEAPPSIA/crewai-nativeai","swagger","GitLab API","v4","/api/v4/web_commits/public_key","GET",0
